source_id	source_status	support_target	edge_policy	r3_item	provenance_note
nsa-mcp-security-press	manual_provenance_required	R2.12	current_r3_direct	C6	provenance/nsa-cisa-ncsc.md
nsa-mcp-security-press	manual_provenance_required	R2.12	current_r3_direct	C7	provenance/nsa-cisa-ncsc.md
nsa-mcp-security-press	manual_provenance_required	R2.12	current_r3_direct	M-core-security_inventory	provenance/nsa-cisa-ncsc.md
nsa-mcp-security-press	manual_provenance_required	R2.12	current_r3_direct	M-sec-taint_map	provenance/nsa-cisa-ncsc.md
nsa-mcp-security-press	manual_provenance_required	R2.12	current_r3_direct	M-sec-worker_sandbox_policy	provenance/nsa-cisa-ncsc.md
nsa-mcp-security-press	manual_provenance_required	R2.12	current_r3_direct	M-sec-spend_ledger	provenance/nsa-cisa-ncsc.md
nsa-mcp-security-press	manual_provenance_required	R2.12	current_r3_direct	M-sec-local_ui_policy	provenance/nsa-cisa-ncsc.md
nsa-mcp-security-press	manual_provenance_required	R2.12	current_r3_direct	M-sec-supply_chain_attestation	provenance/nsa-cisa-ncsc.md
nsa-mcp-security-press	manual_provenance_required	R2.12	current_r3_direct	M-sec-aibom_manifest	provenance/nsa-cisa-ncsc.md
nsa-mcp-security-press	manual_provenance_required	R2.12	current_r3_direct	M-proto-mcp_adapter_manifest	provenance/nsa-cisa-ncsc.md
nsa-mcp-security-press	manual_provenance_required	R2.12	current_r3_direct	M-proto-mcp_tool_inventory	provenance/nsa-cisa-ncsc.md
nsa-mcp-security-press	manual_provenance_required	R2.12	current_r3_direct	M-proto-a2a_peer_manifest	provenance/nsa-cisa-ncsc.md
nsa-mcp-security-press	manual_provenance_required	R2.12	current_r3_direct	INV-1	provenance/nsa-cisa-ncsc.md
nsa-mcp-security-press	manual_provenance_required	R2.12	current_r3_direct	INV-3	provenance/nsa-cisa-ncsc.md
nsa-mcp-security-press	manual_provenance_required	R2.12	current_r3_direct	INV-4	provenance/nsa-cisa-ncsc.md
nsa-mcp-security-press	manual_provenance_required	R2.12	current_r3_direct	INV-5	provenance/nsa-cisa-ncsc.md
nsa-mcp-security-press	manual_provenance_required	R2.12	current_r3_direct	INV-6	provenance/nsa-cisa-ncsc.md
nsa-mcp-security-press	manual_provenance_required	R2.12	current_r3_direct	INV-8	provenance/nsa-cisa-ncsc.md
nsa-mcp-security-press	manual_provenance_required	R2.12	current_r3_direct	INV-9	provenance/nsa-cisa-ncsc.md
nsa-mcp-security-press	manual_provenance_required	R2.12	current_r3_direct	INV-14	provenance/nsa-cisa-ncsc.md
nsa-mcp-security-press	manual_provenance_required	R2.12	current_r3_direct	INV-18	provenance/nsa-cisa-ncsc.md
nsa-mcp-security-press	manual_provenance_required	R2.12	current_r3_direct	INV-19	provenance/nsa-cisa-ncsc.md
nsa-mcp-security-press	manual_provenance_required	R2.12	current_r3_direct	INV-20	provenance/nsa-cisa-ncsc.md
nsa-mcp-security-press	manual_provenance_required	R2.12	current_r3_direct	INV-21	provenance/nsa-cisa-ncsc.md
nsa-mcp-security-press	manual_provenance_required	R2.12	current_r3_direct	INV-22	provenance/nsa-cisa-ncsc.md
nsa-mcp-security-press	manual_provenance_required	R2.12	current_r3_direct	INV-23	provenance/nsa-cisa-ncsc.md
nsa-mcp-security-press	manual_provenance_required	R2.12	current_r3_direct	INV-24	provenance/nsa-cisa-ncsc.md
nsa-mcp-security-press	manual_provenance_required	R2.12	current_r3_direct	INV-25	provenance/nsa-cisa-ncsc.md
nsa-mcp-security-press	manual_provenance_required	R2.12	current_r3_direct	INV-26	provenance/nsa-cisa-ncsc.md
nsa-mcp-security-pdf	manual_provenance_required	R2.12	current_r3_direct	C6	provenance/nsa-cisa-ncsc.md
nsa-mcp-security-pdf	manual_provenance_required	R2.12	current_r3_direct	C7	provenance/nsa-cisa-ncsc.md
nsa-mcp-security-pdf	manual_provenance_required	R2.12	current_r3_direct	M-core-security_inventory	provenance/nsa-cisa-ncsc.md
nsa-mcp-security-pdf	manual_provenance_required	R2.12	current_r3_direct	M-sec-taint_map	provenance/nsa-cisa-ncsc.md
nsa-mcp-security-pdf	manual_provenance_required	R2.12	current_r3_direct	M-sec-worker_sandbox_policy	provenance/nsa-cisa-ncsc.md
nsa-mcp-security-pdf	manual_provenance_required	R2.12	current_r3_direct	M-sec-spend_ledger	provenance/nsa-cisa-ncsc.md
nsa-mcp-security-pdf	manual_provenance_required	R2.12	current_r3_direct	M-sec-local_ui_policy	provenance/nsa-cisa-ncsc.md
nsa-mcp-security-pdf	manual_provenance_required	R2.12	current_r3_direct	M-sec-supply_chain_attestation	provenance/nsa-cisa-ncsc.md
nsa-mcp-security-pdf	manual_provenance_required	R2.12	current_r3_direct	M-sec-aibom_manifest	provenance/nsa-cisa-ncsc.md
nsa-mcp-security-pdf	manual_provenance_required	R2.12	current_r3_direct	M-proto-mcp_adapter_manifest	provenance/nsa-cisa-ncsc.md
nsa-mcp-security-pdf	manual_provenance_required	R2.12	current_r3_direct	M-proto-mcp_tool_inventory	provenance/nsa-cisa-ncsc.md
nsa-mcp-security-pdf	manual_provenance_required	R2.12	current_r3_direct	M-proto-a2a_peer_manifest	provenance/nsa-cisa-ncsc.md
nsa-mcp-security-pdf	manual_provenance_required	R2.12	current_r3_direct	INV-1	provenance/nsa-cisa-ncsc.md
nsa-mcp-security-pdf	manual_provenance_required	R2.12	current_r3_direct	INV-3	provenance/nsa-cisa-ncsc.md
nsa-mcp-security-pdf	manual_provenance_required	R2.12	current_r3_direct	INV-4	provenance/nsa-cisa-ncsc.md
nsa-mcp-security-pdf	manual_provenance_required	R2.12	current_r3_direct	INV-5	provenance/nsa-cisa-ncsc.md
nsa-mcp-security-pdf	manual_provenance_required	R2.12	current_r3_direct	INV-6	provenance/nsa-cisa-ncsc.md
nsa-mcp-security-pdf	manual_provenance_required	R2.12	current_r3_direct	INV-8	provenance/nsa-cisa-ncsc.md
nsa-mcp-security-pdf	manual_provenance_required	R2.12	current_r3_direct	INV-9	provenance/nsa-cisa-ncsc.md
nsa-mcp-security-pdf	manual_provenance_required	R2.12	current_r3_direct	INV-14	provenance/nsa-cisa-ncsc.md
nsa-mcp-security-pdf	manual_provenance_required	R2.12	current_r3_direct	INV-18	provenance/nsa-cisa-ncsc.md
nsa-mcp-security-pdf	manual_provenance_required	R2.12	current_r3_direct	INV-19	provenance/nsa-cisa-ncsc.md
nsa-mcp-security-pdf	manual_provenance_required	R2.12	current_r3_direct	INV-20	provenance/nsa-cisa-ncsc.md
nsa-mcp-security-pdf	manual_provenance_required	R2.12	current_r3_direct	INV-21	provenance/nsa-cisa-ncsc.md
nsa-mcp-security-pdf	manual_provenance_required	R2.12	current_r3_direct	INV-22	provenance/nsa-cisa-ncsc.md
nsa-mcp-security-pdf	manual_provenance_required	R2.12	current_r3_direct	INV-23	provenance/nsa-cisa-ncsc.md
nsa-mcp-security-pdf	manual_provenance_required	R2.12	current_r3_direct	INV-24	provenance/nsa-cisa-ncsc.md
nsa-mcp-security-pdf	manual_provenance_required	R2.12	current_r3_direct	INV-25	provenance/nsa-cisa-ncsc.md
nsa-mcp-security-pdf	manual_provenance_required	R2.12	current_r3_direct	INV-26	provenance/nsa-cisa-ncsc.md
cisa-ai-landing	primary_url_confirmed	R2.12	current_r3_direct	C6	provenance/nsa-cisa-ncsc.md
cisa-ai-landing	primary_url_confirmed	R2.12	current_r3_direct	C7	provenance/nsa-cisa-ncsc.md
cisa-ai-landing	primary_url_confirmed	R2.12	current_r3_direct	M-core-security_inventory	provenance/nsa-cisa-ncsc.md
cisa-ai-landing	primary_url_confirmed	R2.12	current_r3_direct	M-sec-taint_map	provenance/nsa-cisa-ncsc.md
cisa-ai-landing	primary_url_confirmed	R2.12	current_r3_direct	M-sec-worker_sandbox_policy	provenance/nsa-cisa-ncsc.md
cisa-ai-landing	primary_url_confirmed	R2.12	current_r3_direct	M-sec-spend_ledger	provenance/nsa-cisa-ncsc.md
cisa-ai-landing	primary_url_confirmed	R2.12	current_r3_direct	M-sec-local_ui_policy	provenance/nsa-cisa-ncsc.md
cisa-ai-landing	primary_url_confirmed	R2.12	current_r3_direct	M-sec-supply_chain_attestation	provenance/nsa-cisa-ncsc.md
cisa-ai-landing	primary_url_confirmed	R2.12	current_r3_direct	M-sec-aibom_manifest	provenance/nsa-cisa-ncsc.md
cisa-ai-landing	primary_url_confirmed	R2.12	current_r3_direct	M-proto-mcp_adapter_manifest	provenance/nsa-cisa-ncsc.md
cisa-ai-landing	primary_url_confirmed	R2.12	current_r3_direct	M-proto-mcp_tool_inventory	provenance/nsa-cisa-ncsc.md
cisa-ai-landing	primary_url_confirmed	R2.12	current_r3_direct	M-proto-a2a_peer_manifest	provenance/nsa-cisa-ncsc.md
cisa-ai-landing	primary_url_confirmed	R2.12	current_r3_direct	INV-1	provenance/nsa-cisa-ncsc.md
cisa-ai-landing	primary_url_confirmed	R2.12	current_r3_direct	INV-3	provenance/nsa-cisa-ncsc.md
cisa-ai-landing	primary_url_confirmed	R2.12	current_r3_direct	INV-4	provenance/nsa-cisa-ncsc.md
cisa-ai-landing	primary_url_confirmed	R2.12	current_r3_direct	INV-5	provenance/nsa-cisa-ncsc.md
cisa-ai-landing	primary_url_confirmed	R2.12	current_r3_direct	INV-6	provenance/nsa-cisa-ncsc.md
cisa-ai-landing	primary_url_confirmed	R2.12	current_r3_direct	INV-8	provenance/nsa-cisa-ncsc.md
cisa-ai-landing	primary_url_confirmed	R2.12	current_r3_direct	INV-9	provenance/nsa-cisa-ncsc.md
cisa-ai-landing	primary_url_confirmed	R2.12	current_r3_direct	INV-14	provenance/nsa-cisa-ncsc.md
cisa-ai-landing	primary_url_confirmed	R2.12	current_r3_direct	INV-18	provenance/nsa-cisa-ncsc.md
cisa-ai-landing	primary_url_confirmed	R2.12	current_r3_direct	INV-19	provenance/nsa-cisa-ncsc.md
cisa-ai-landing	primary_url_confirmed	R2.12	current_r3_direct	INV-20	provenance/nsa-cisa-ncsc.md
cisa-ai-landing	primary_url_confirmed	R2.12	current_r3_direct	INV-21	provenance/nsa-cisa-ncsc.md
cisa-ai-landing	primary_url_confirmed	R2.12	current_r3_direct	INV-22	provenance/nsa-cisa-ncsc.md
cisa-ai-landing	primary_url_confirmed	R2.12	current_r3_direct	INV-23	provenance/nsa-cisa-ncsc.md
cisa-ai-landing	primary_url_confirmed	R2.12	current_r3_direct	INV-24	provenance/nsa-cisa-ncsc.md
cisa-ai-landing	primary_url_confirmed	R2.12	current_r3_direct	INV-25	provenance/nsa-cisa-ncsc.md
cisa-ai-landing	primary_url_confirmed	R2.12	current_r3_direct	INV-26	provenance/nsa-cisa-ncsc.md
ncsc-secure-ai-collection	primary_url_confirmed	R2.12	current_r3_direct	C6	provenance/nsa-cisa-ncsc.md
ncsc-secure-ai-collection	primary_url_confirmed	R2.12	current_r3_direct	C7	provenance/nsa-cisa-ncsc.md
ncsc-secure-ai-collection	primary_url_confirmed	R2.12	current_r3_direct	M-core-security_inventory	provenance/nsa-cisa-ncsc.md
ncsc-secure-ai-collection	primary_url_confirmed	R2.12	current_r3_direct	M-sec-taint_map	provenance/nsa-cisa-ncsc.md
ncsc-secure-ai-collection	primary_url_confirmed	R2.12	current_r3_direct	M-sec-worker_sandbox_policy	provenance/nsa-cisa-ncsc.md
ncsc-secure-ai-collection	primary_url_confirmed	R2.12	current_r3_direct	M-sec-spend_ledger	provenance/nsa-cisa-ncsc.md
ncsc-secure-ai-collection	primary_url_confirmed	R2.12	current_r3_direct	M-sec-local_ui_policy	provenance/nsa-cisa-ncsc.md
ncsc-secure-ai-collection	primary_url_confirmed	R2.12	current_r3_direct	M-sec-supply_chain_attestation	provenance/nsa-cisa-ncsc.md
ncsc-secure-ai-collection	primary_url_confirmed	R2.12	current_r3_direct	M-sec-aibom_manifest	provenance/nsa-cisa-ncsc.md
ncsc-secure-ai-collection	primary_url_confirmed	R2.12	current_r3_direct	M-proto-mcp_adapter_manifest	provenance/nsa-cisa-ncsc.md
ncsc-secure-ai-collection	primary_url_confirmed	R2.12	current_r3_direct	M-proto-mcp_tool_inventory	provenance/nsa-cisa-ncsc.md
ncsc-secure-ai-collection	primary_url_confirmed	R2.12	current_r3_direct	M-proto-a2a_peer_manifest	provenance/nsa-cisa-ncsc.md
ncsc-secure-ai-collection	primary_url_confirmed	R2.12	current_r3_direct	INV-1	provenance/nsa-cisa-ncsc.md
ncsc-secure-ai-collection	primary_url_confirmed	R2.12	current_r3_direct	INV-3	provenance/nsa-cisa-ncsc.md
ncsc-secure-ai-collection	primary_url_confirmed	R2.12	current_r3_direct	INV-4	provenance/nsa-cisa-ncsc.md
ncsc-secure-ai-collection	primary_url_confirmed	R2.12	current_r3_direct	INV-5	provenance/nsa-cisa-ncsc.md
ncsc-secure-ai-collection	primary_url_confirmed	R2.12	current_r3_direct	INV-6	provenance/nsa-cisa-ncsc.md
ncsc-secure-ai-collection	primary_url_confirmed	R2.12	current_r3_direct	INV-8	provenance/nsa-cisa-ncsc.md
ncsc-secure-ai-collection	primary_url_confirmed	R2.12	current_r3_direct	INV-9	provenance/nsa-cisa-ncsc.md
ncsc-secure-ai-collection	primary_url_confirmed	R2.12	current_r3_direct	INV-14	provenance/nsa-cisa-ncsc.md
ncsc-secure-ai-collection	primary_url_confirmed	R2.12	current_r3_direct	INV-18	provenance/nsa-cisa-ncsc.md
ncsc-secure-ai-collection	primary_url_confirmed	R2.12	current_r3_direct	INV-19	provenance/nsa-cisa-ncsc.md
ncsc-secure-ai-collection	primary_url_confirmed	R2.12	current_r3_direct	INV-20	provenance/nsa-cisa-ncsc.md
ncsc-secure-ai-collection	primary_url_confirmed	R2.12	current_r3_direct	INV-21	provenance/nsa-cisa-ncsc.md
ncsc-secure-ai-collection	primary_url_confirmed	R2.12	current_r3_direct	INV-22	provenance/nsa-cisa-ncsc.md
ncsc-secure-ai-collection	primary_url_confirmed	R2.12	current_r3_direct	INV-23	provenance/nsa-cisa-ncsc.md
ncsc-secure-ai-collection	primary_url_confirmed	R2.12	current_r3_direct	INV-24	provenance/nsa-cisa-ncsc.md
ncsc-secure-ai-collection	primary_url_confirmed	R2.12	current_r3_direct	INV-25	provenance/nsa-cisa-ncsc.md
ncsc-secure-ai-collection	primary_url_confirmed	R2.12	current_r3_direct	INV-26	provenance/nsa-cisa-ncsc.md
ncsc-secure-ai-pdf	saved_pdf	R2.12	current_r3_direct	C6	provenance/nsa-cisa-ncsc.md
ncsc-secure-ai-pdf	saved_pdf	R2.12	current_r3_direct	C7	provenance/nsa-cisa-ncsc.md
ncsc-secure-ai-pdf	saved_pdf	R2.12	current_r3_direct	M-core-security_inventory	provenance/nsa-cisa-ncsc.md
ncsc-secure-ai-pdf	saved_pdf	R2.12	current_r3_direct	M-sec-taint_map	provenance/nsa-cisa-ncsc.md
ncsc-secure-ai-pdf	saved_pdf	R2.12	current_r3_direct	M-sec-worker_sandbox_policy	provenance/nsa-cisa-ncsc.md
ncsc-secure-ai-pdf	saved_pdf	R2.12	current_r3_direct	M-sec-spend_ledger	provenance/nsa-cisa-ncsc.md
ncsc-secure-ai-pdf	saved_pdf	R2.12	current_r3_direct	M-sec-local_ui_policy	provenance/nsa-cisa-ncsc.md
ncsc-secure-ai-pdf	saved_pdf	R2.12	current_r3_direct	M-sec-supply_chain_attestation	provenance/nsa-cisa-ncsc.md
ncsc-secure-ai-pdf	saved_pdf	R2.12	current_r3_direct	M-sec-aibom_manifest	provenance/nsa-cisa-ncsc.md
ncsc-secure-ai-pdf	saved_pdf	R2.12	current_r3_direct	M-proto-mcp_adapter_manifest	provenance/nsa-cisa-ncsc.md
ncsc-secure-ai-pdf	saved_pdf	R2.12	current_r3_direct	M-proto-mcp_tool_inventory	provenance/nsa-cisa-ncsc.md
ncsc-secure-ai-pdf	saved_pdf	R2.12	current_r3_direct	M-proto-a2a_peer_manifest	provenance/nsa-cisa-ncsc.md
ncsc-secure-ai-pdf	saved_pdf	R2.12	current_r3_direct	INV-1	provenance/nsa-cisa-ncsc.md
ncsc-secure-ai-pdf	saved_pdf	R2.12	current_r3_direct	INV-3	provenance/nsa-cisa-ncsc.md
ncsc-secure-ai-pdf	saved_pdf	R2.12	current_r3_direct	INV-4	provenance/nsa-cisa-ncsc.md
ncsc-secure-ai-pdf	saved_pdf	R2.12	current_r3_direct	INV-5	provenance/nsa-cisa-ncsc.md
ncsc-secure-ai-pdf	saved_pdf	R2.12	current_r3_direct	INV-6	provenance/nsa-cisa-ncsc.md
ncsc-secure-ai-pdf	saved_pdf	R2.12	current_r3_direct	INV-8	provenance/nsa-cisa-ncsc.md
ncsc-secure-ai-pdf	saved_pdf	R2.12	current_r3_direct	INV-9	provenance/nsa-cisa-ncsc.md
ncsc-secure-ai-pdf	saved_pdf	R2.12	current_r3_direct	INV-14	provenance/nsa-cisa-ncsc.md
ncsc-secure-ai-pdf	saved_pdf	R2.12	current_r3_direct	INV-18	provenance/nsa-cisa-ncsc.md
ncsc-secure-ai-pdf	saved_pdf	R2.12	current_r3_direct	INV-19	provenance/nsa-cisa-ncsc.md
ncsc-secure-ai-pdf	saved_pdf	R2.12	current_r3_direct	INV-20	provenance/nsa-cisa-ncsc.md
ncsc-secure-ai-pdf	saved_pdf	R2.12	current_r3_direct	INV-21	provenance/nsa-cisa-ncsc.md
ncsc-secure-ai-pdf	saved_pdf	R2.12	current_r3_direct	INV-22	provenance/nsa-cisa-ncsc.md
ncsc-secure-ai-pdf	saved_pdf	R2.12	current_r3_direct	INV-23	provenance/nsa-cisa-ncsc.md
ncsc-secure-ai-pdf	saved_pdf	R2.12	current_r3_direct	INV-24	provenance/nsa-cisa-ncsc.md
ncsc-secure-ai-pdf	saved_pdf	R2.12	current_r3_direct	INV-25	provenance/nsa-cisa-ncsc.md
ncsc-secure-ai-pdf	saved_pdf	R2.12	current_r3_direct	INV-26	provenance/nsa-cisa-ncsc.md
owasp-agentic-top10-2026	primary_url_confirmed	R2.12	current_r3_direct	C6	provenance/owasp-agentic-agentdojo.md
owasp-agentic-top10-2026	primary_url_confirmed	R2.12	current_r3_direct	C7	provenance/owasp-agentic-agentdojo.md
owasp-agentic-top10-2026	primary_url_confirmed	R2.12	current_r3_direct	M-core-security_inventory	provenance/owasp-agentic-agentdojo.md
owasp-agentic-top10-2026	primary_url_confirmed	R2.12	current_r3_direct	M-sec-taint_map	provenance/owasp-agentic-agentdojo.md
owasp-agentic-top10-2026	primary_url_confirmed	R2.12	current_r3_direct	M-sec-worker_sandbox_policy	provenance/owasp-agentic-agentdojo.md
owasp-agentic-top10-2026	primary_url_confirmed	R2.12	current_r3_direct	M-sec-spend_ledger	provenance/owasp-agentic-agentdojo.md
owasp-agentic-top10-2026	primary_url_confirmed	R2.12	current_r3_direct	M-sec-local_ui_policy	provenance/owasp-agentic-agentdojo.md
owasp-agentic-top10-2026	primary_url_confirmed	R2.12	current_r3_direct	M-sec-supply_chain_attestation	provenance/owasp-agentic-agentdojo.md
owasp-agentic-top10-2026	primary_url_confirmed	R2.12	current_r3_direct	M-sec-aibom_manifest	provenance/owasp-agentic-agentdojo.md
owasp-agentic-top10-2026	primary_url_confirmed	R2.12	current_r3_direct	M-proto-mcp_adapter_manifest	provenance/owasp-agentic-agentdojo.md
owasp-agentic-top10-2026	primary_url_confirmed	R2.12	current_r3_direct	M-proto-mcp_tool_inventory	provenance/owasp-agentic-agentdojo.md
owasp-agentic-top10-2026	primary_url_confirmed	R2.12	current_r3_direct	M-proto-a2a_peer_manifest	provenance/owasp-agentic-agentdojo.md
owasp-agentic-top10-2026	primary_url_confirmed	R2.12	current_r3_direct	INV-1	provenance/owasp-agentic-agentdojo.md
owasp-agentic-top10-2026	primary_url_confirmed	R2.12	current_r3_direct	INV-3	provenance/owasp-agentic-agentdojo.md
owasp-agentic-top10-2026	primary_url_confirmed	R2.12	current_r3_direct	INV-4	provenance/owasp-agentic-agentdojo.md
owasp-agentic-top10-2026	primary_url_confirmed	R2.12	current_r3_direct	INV-5	provenance/owasp-agentic-agentdojo.md
owasp-agentic-top10-2026	primary_url_confirmed	R2.12	current_r3_direct	INV-6	provenance/owasp-agentic-agentdojo.md
owasp-agentic-top10-2026	primary_url_confirmed	R2.12	current_r3_direct	INV-8	provenance/owasp-agentic-agentdojo.md
owasp-agentic-top10-2026	primary_url_confirmed	R2.12	current_r3_direct	INV-9	provenance/owasp-agentic-agentdojo.md
owasp-agentic-top10-2026	primary_url_confirmed	R2.12	current_r3_direct	INV-14	provenance/owasp-agentic-agentdojo.md
owasp-agentic-top10-2026	primary_url_confirmed	R2.12	current_r3_direct	INV-18	provenance/owasp-agentic-agentdojo.md
owasp-agentic-top10-2026	primary_url_confirmed	R2.12	current_r3_direct	INV-19	provenance/owasp-agentic-agentdojo.md
owasp-agentic-top10-2026	primary_url_confirmed	R2.12	current_r3_direct	INV-20	provenance/owasp-agentic-agentdojo.md
owasp-agentic-top10-2026	primary_url_confirmed	R2.12	current_r3_direct	INV-21	provenance/owasp-agentic-agentdojo.md
owasp-agentic-top10-2026	primary_url_confirmed	R2.12	current_r3_direct	INV-22	provenance/owasp-agentic-agentdojo.md
owasp-agentic-top10-2026	primary_url_confirmed	R2.12	current_r3_direct	INV-23	provenance/owasp-agentic-agentdojo.md
owasp-agentic-top10-2026	primary_url_confirmed	R2.12	current_r3_direct	INV-24	provenance/owasp-agentic-agentdojo.md
owasp-agentic-top10-2026	primary_url_confirmed	R2.12	current_r3_direct	INV-25	provenance/owasp-agentic-agentdojo.md
owasp-agentic-top10-2026	primary_url_confirmed	R2.12	current_r3_direct	INV-26	provenance/owasp-agentic-agentdojo.md
owasp-agentic-top10-2026	primary_url_confirmed	F-7	current_r3_direct	R3.9:OWASP_Agentic_2026	provenance/owasp-agentic-agentdojo.md
owasp-agentic-top10-2026	primary_url_confirmed	F-7	current_r3_direct	INV-1	provenance/owasp-agentic-agentdojo.md
owasp-agentic-top10-2026	primary_url_confirmed	F-7	current_r3_direct	INV-3	provenance/owasp-agentic-agentdojo.md
owasp-agentic-top10-2026	primary_url_confirmed	F-7	current_r3_direct	INV-4	provenance/owasp-agentic-agentdojo.md
owasp-agentic-top10-2026	primary_url_confirmed	F-7	current_r3_direct	INV-8	provenance/owasp-agentic-agentdojo.md
owasp-agentic-top10-2026	primary_url_confirmed	F-7	current_r3_direct	INV-9	provenance/owasp-agentic-agentdojo.md
owasp-agentic-top10-2026	primary_url_confirmed	F-7	current_r3_direct	INV-14	provenance/owasp-agentic-agentdojo.md
owasp-agentic-top10-2026	primary_url_confirmed	F-7	current_r3_direct	INV-18	provenance/owasp-agentic-agentdojo.md
owasp-agentic-top10-2026	primary_url_confirmed	F-7	current_r3_direct	INV-23	provenance/owasp-agentic-agentdojo.md
owasp-agentic-top10-2026	primary_url_confirmed	F-7	current_r3_direct	INV-25	provenance/owasp-agentic-agentdojo.md
owasp-aiuc-crosswalk	primary_url_confirmed	R2.12	current_r3_direct	C6	provenance/owasp-agentic-agentdojo.md
owasp-aiuc-crosswalk	primary_url_confirmed	R2.12	current_r3_direct	C7	provenance/owasp-agentic-agentdojo.md
owasp-aiuc-crosswalk	primary_url_confirmed	R2.12	current_r3_direct	M-core-security_inventory	provenance/owasp-agentic-agentdojo.md
owasp-aiuc-crosswalk	primary_url_confirmed	R2.12	current_r3_direct	M-sec-taint_map	provenance/owasp-agentic-agentdojo.md
owasp-aiuc-crosswalk	primary_url_confirmed	R2.12	current_r3_direct	M-sec-worker_sandbox_policy	provenance/owasp-agentic-agentdojo.md
owasp-aiuc-crosswalk	primary_url_confirmed	R2.12	current_r3_direct	M-sec-spend_ledger	provenance/owasp-agentic-agentdojo.md
owasp-aiuc-crosswalk	primary_url_confirmed	R2.12	current_r3_direct	M-sec-local_ui_policy	provenance/owasp-agentic-agentdojo.md
owasp-aiuc-crosswalk	primary_url_confirmed	R2.12	current_r3_direct	M-sec-supply_chain_attestation	provenance/owasp-agentic-agentdojo.md
owasp-aiuc-crosswalk	primary_url_confirmed	R2.12	current_r3_direct	M-sec-aibom_manifest	provenance/owasp-agentic-agentdojo.md
owasp-aiuc-crosswalk	primary_url_confirmed	R2.12	current_r3_direct	M-proto-mcp_adapter_manifest	provenance/owasp-agentic-agentdojo.md
owasp-aiuc-crosswalk	primary_url_confirmed	R2.12	current_r3_direct	M-proto-mcp_tool_inventory	provenance/owasp-agentic-agentdojo.md
owasp-aiuc-crosswalk	primary_url_confirmed	R2.12	current_r3_direct	M-proto-a2a_peer_manifest	provenance/owasp-agentic-agentdojo.md
owasp-aiuc-crosswalk	primary_url_confirmed	R2.12	current_r3_direct	INV-1	provenance/owasp-agentic-agentdojo.md
owasp-aiuc-crosswalk	primary_url_confirmed	R2.12	current_r3_direct	INV-3	provenance/owasp-agentic-agentdojo.md
owasp-aiuc-crosswalk	primary_url_confirmed	R2.12	current_r3_direct	INV-4	provenance/owasp-agentic-agentdojo.md
owasp-aiuc-crosswalk	primary_url_confirmed	R2.12	current_r3_direct	INV-5	provenance/owasp-agentic-agentdojo.md
owasp-aiuc-crosswalk	primary_url_confirmed	R2.12	current_r3_direct	INV-6	provenance/owasp-agentic-agentdojo.md
owasp-aiuc-crosswalk	primary_url_confirmed	R2.12	current_r3_direct	INV-8	provenance/owasp-agentic-agentdojo.md
owasp-aiuc-crosswalk	primary_url_confirmed	R2.12	current_r3_direct	INV-9	provenance/owasp-agentic-agentdojo.md
owasp-aiuc-crosswalk	primary_url_confirmed	R2.12	current_r3_direct	INV-14	provenance/owasp-agentic-agentdojo.md
owasp-aiuc-crosswalk	primary_url_confirmed	R2.12	current_r3_direct	INV-18	provenance/owasp-agentic-agentdojo.md
owasp-aiuc-crosswalk	primary_url_confirmed	R2.12	current_r3_direct	INV-19	provenance/owasp-agentic-agentdojo.md
owasp-aiuc-crosswalk	primary_url_confirmed	R2.12	current_r3_direct	INV-20	provenance/owasp-agentic-agentdojo.md
owasp-aiuc-crosswalk	primary_url_confirmed	R2.12	current_r3_direct	INV-21	provenance/owasp-agentic-agentdojo.md
owasp-aiuc-crosswalk	primary_url_confirmed	R2.12	current_r3_direct	INV-22	provenance/owasp-agentic-agentdojo.md
owasp-aiuc-crosswalk	primary_url_confirmed	R2.12	current_r3_direct	INV-23	provenance/owasp-agentic-agentdojo.md
owasp-aiuc-crosswalk	primary_url_confirmed	R2.12	current_r3_direct	INV-24	provenance/owasp-agentic-agentdojo.md
owasp-aiuc-crosswalk	primary_url_confirmed	R2.12	current_r3_direct	INV-25	provenance/owasp-agentic-agentdojo.md
owasp-aiuc-crosswalk	primary_url_confirmed	R2.12	current_r3_direct	INV-26	provenance/owasp-agentic-agentdojo.md
owasp-aiuc-crosswalk	primary_url_confirmed	F-7	current_r3_direct	R3.9:OWASP_Agentic_2026	provenance/owasp-agentic-agentdojo.md
owasp-aiuc-crosswalk	primary_url_confirmed	F-7	current_r3_direct	INV-1	provenance/owasp-agentic-agentdojo.md
owasp-aiuc-crosswalk	primary_url_confirmed	F-7	current_r3_direct	INV-3	provenance/owasp-agentic-agentdojo.md
owasp-aiuc-crosswalk	primary_url_confirmed	F-7	current_r3_direct	INV-4	provenance/owasp-agentic-agentdojo.md
owasp-aiuc-crosswalk	primary_url_confirmed	F-7	current_r3_direct	INV-8	provenance/owasp-agentic-agentdojo.md
owasp-aiuc-crosswalk	primary_url_confirmed	F-7	current_r3_direct	INV-9	provenance/owasp-agentic-agentdojo.md
owasp-aiuc-crosswalk	primary_url_confirmed	F-7	current_r3_direct	INV-14	provenance/owasp-agentic-agentdojo.md
owasp-aiuc-crosswalk	primary_url_confirmed	F-7	current_r3_direct	INV-18	provenance/owasp-agentic-agentdojo.md
owasp-aiuc-crosswalk	primary_url_confirmed	F-7	current_r3_direct	INV-23	provenance/owasp-agentic-agentdojo.md
owasp-aiuc-crosswalk	primary_url_confirmed	F-7	current_r3_direct	INV-25	provenance/owasp-agentic-agentdojo.md
agentdojo-repo	primary_url_confirmed	R2.12	current_r3_direct	C6	provenance/owasp-agentic-agentdojo.md
agentdojo-repo	primary_url_confirmed	R2.12	current_r3_direct	C7	provenance/owasp-agentic-agentdojo.md
agentdojo-repo	primary_url_confirmed	R2.12	current_r3_direct	M-core-security_inventory	provenance/owasp-agentic-agentdojo.md
agentdojo-repo	primary_url_confirmed	R2.12	current_r3_direct	M-sec-taint_map	provenance/owasp-agentic-agentdojo.md
agentdojo-repo	primary_url_confirmed	R2.12	current_r3_direct	M-sec-worker_sandbox_policy	provenance/owasp-agentic-agentdojo.md
agentdojo-repo	primary_url_confirmed	R2.12	current_r3_direct	M-sec-spend_ledger	provenance/owasp-agentic-agentdojo.md
agentdojo-repo	primary_url_confirmed	R2.12	current_r3_direct	M-sec-local_ui_policy	provenance/owasp-agentic-agentdojo.md
agentdojo-repo	primary_url_confirmed	R2.12	current_r3_direct	M-sec-supply_chain_attestation	provenance/owasp-agentic-agentdojo.md
agentdojo-repo	primary_url_confirmed	R2.12	current_r3_direct	M-sec-aibom_manifest	provenance/owasp-agentic-agentdojo.md
agentdojo-repo	primary_url_confirmed	R2.12	current_r3_direct	M-proto-mcp_adapter_manifest	provenance/owasp-agentic-agentdojo.md
agentdojo-repo	primary_url_confirmed	R2.12	current_r3_direct	M-proto-mcp_tool_inventory	provenance/owasp-agentic-agentdojo.md
agentdojo-repo	primary_url_confirmed	R2.12	current_r3_direct	M-proto-a2a_peer_manifest	provenance/owasp-agentic-agentdojo.md
agentdojo-repo	primary_url_confirmed	R2.12	current_r3_direct	INV-1	provenance/owasp-agentic-agentdojo.md
agentdojo-repo	primary_url_confirmed	R2.12	current_r3_direct	INV-3	provenance/owasp-agentic-agentdojo.md
agentdojo-repo	primary_url_confirmed	R2.12	current_r3_direct	INV-4	provenance/owasp-agentic-agentdojo.md
agentdojo-repo	primary_url_confirmed	R2.12	current_r3_direct	INV-5	provenance/owasp-agentic-agentdojo.md
agentdojo-repo	primary_url_confirmed	R2.12	current_r3_direct	INV-6	provenance/owasp-agentic-agentdojo.md
agentdojo-repo	primary_url_confirmed	R2.12	current_r3_direct	INV-8	provenance/owasp-agentic-agentdojo.md
agentdojo-repo	primary_url_confirmed	R2.12	current_r3_direct	INV-9	provenance/owasp-agentic-agentdojo.md
agentdojo-repo	primary_url_confirmed	R2.12	current_r3_direct	INV-14	provenance/owasp-agentic-agentdojo.md
agentdojo-repo	primary_url_confirmed	R2.12	current_r3_direct	INV-18	provenance/owasp-agentic-agentdojo.md
agentdojo-repo	primary_url_confirmed	R2.12	current_r3_direct	INV-19	provenance/owasp-agentic-agentdojo.md
agentdojo-repo	primary_url_confirmed	R2.12	current_r3_direct	INV-20	provenance/owasp-agentic-agentdojo.md
agentdojo-repo	primary_url_confirmed	R2.12	current_r3_direct	INV-21	provenance/owasp-agentic-agentdojo.md
agentdojo-repo	primary_url_confirmed	R2.12	current_r3_direct	INV-22	provenance/owasp-agentic-agentdojo.md
agentdojo-repo	primary_url_confirmed	R2.12	current_r3_direct	INV-23	provenance/owasp-agentic-agentdojo.md
agentdojo-repo	primary_url_confirmed	R2.12	current_r3_direct	INV-24	provenance/owasp-agentic-agentdojo.md
agentdojo-repo	primary_url_confirmed	R2.12	current_r3_direct	INV-25	provenance/owasp-agentic-agentdojo.md
agentdojo-repo	primary_url_confirmed	R2.12	current_r3_direct	INV-26	provenance/owasp-agentic-agentdojo.md
agentdojo-repo	primary_url_confirmed	F-8	current_r3_direct	M-sec-taint_map	provenance/owasp-agentic-agentdojo.md
agentdojo-repo	primary_url_confirmed	F-8	current_r3_direct	M-core-decision_manifest	provenance/owasp-agentic-agentdojo.md
agentdojo-repo	primary_url_confirmed	F-8	current_r3_direct	R3.QA:prompt_carrier	provenance/owasp-agentic-agentdojo.md
agentdojo-repo	primary_url_confirmed	F-8	current_r3_direct	INV-8	provenance/owasp-agentic-agentdojo.md
agentdojo-repo	primary_url_confirmed	F-8	current_r3_direct	INV-19	provenance/owasp-agentic-agentdojo.md
agentdojo-paper	primary_url_confirmed	R2.12	current_r3_direct	C6	provenance/owasp-agentic-agentdojo.md
agentdojo-paper	primary_url_confirmed	R2.12	current_r3_direct	C7	provenance/owasp-agentic-agentdojo.md
agentdojo-paper	primary_url_confirmed	R2.12	current_r3_direct	M-core-security_inventory	provenance/owasp-agentic-agentdojo.md
agentdojo-paper	primary_url_confirmed	R2.12	current_r3_direct	M-sec-taint_map	provenance/owasp-agentic-agentdojo.md
agentdojo-paper	primary_url_confirmed	R2.12	current_r3_direct	M-sec-worker_sandbox_policy	provenance/owasp-agentic-agentdojo.md
agentdojo-paper	primary_url_confirmed	R2.12	current_r3_direct	M-sec-spend_ledger	provenance/owasp-agentic-agentdojo.md
agentdojo-paper	primary_url_confirmed	R2.12	current_r3_direct	M-sec-local_ui_policy	provenance/owasp-agentic-agentdojo.md
agentdojo-paper	primary_url_confirmed	R2.12	current_r3_direct	M-sec-supply_chain_attestation	provenance/owasp-agentic-agentdojo.md
agentdojo-paper	primary_url_confirmed	R2.12	current_r3_direct	M-sec-aibom_manifest	provenance/owasp-agentic-agentdojo.md
agentdojo-paper	primary_url_confirmed	R2.12	current_r3_direct	M-proto-mcp_adapter_manifest	provenance/owasp-agentic-agentdojo.md
agentdojo-paper	primary_url_confirmed	R2.12	current_r3_direct	M-proto-mcp_tool_inventory	provenance/owasp-agentic-agentdojo.md
agentdojo-paper	primary_url_confirmed	R2.12	current_r3_direct	M-proto-a2a_peer_manifest	provenance/owasp-agentic-agentdojo.md
agentdojo-paper	primary_url_confirmed	R2.12	current_r3_direct	INV-1	provenance/owasp-agentic-agentdojo.md
agentdojo-paper	primary_url_confirmed	R2.12	current_r3_direct	INV-3	provenance/owasp-agentic-agentdojo.md
agentdojo-paper	primary_url_confirmed	R2.12	current_r3_direct	INV-4	provenance/owasp-agentic-agentdojo.md
agentdojo-paper	primary_url_confirmed	R2.12	current_r3_direct	INV-5	provenance/owasp-agentic-agentdojo.md
agentdojo-paper	primary_url_confirmed	R2.12	current_r3_direct	INV-6	provenance/owasp-agentic-agentdojo.md
agentdojo-paper	primary_url_confirmed	R2.12	current_r3_direct	INV-8	provenance/owasp-agentic-agentdojo.md
agentdojo-paper	primary_url_confirmed	R2.12	current_r3_direct	INV-9	provenance/owasp-agentic-agentdojo.md
agentdojo-paper	primary_url_confirmed	R2.12	current_r3_direct	INV-14	provenance/owasp-agentic-agentdojo.md
agentdojo-paper	primary_url_confirmed	R2.12	current_r3_direct	INV-18	provenance/owasp-agentic-agentdojo.md
agentdojo-paper	primary_url_confirmed	R2.12	current_r3_direct	INV-19	provenance/owasp-agentic-agentdojo.md
agentdojo-paper	primary_url_confirmed	R2.12	current_r3_direct	INV-20	provenance/owasp-agentic-agentdojo.md
agentdojo-paper	primary_url_confirmed	R2.12	current_r3_direct	INV-21	provenance/owasp-agentic-agentdojo.md
agentdojo-paper	primary_url_confirmed	R2.12	current_r3_direct	INV-22	provenance/owasp-agentic-agentdojo.md
agentdojo-paper	primary_url_confirmed	R2.12	current_r3_direct	INV-23	provenance/owasp-agentic-agentdojo.md
agentdojo-paper	primary_url_confirmed	R2.12	current_r3_direct	INV-24	provenance/owasp-agentic-agentdojo.md
agentdojo-paper	primary_url_confirmed	R2.12	current_r3_direct	INV-25	provenance/owasp-agentic-agentdojo.md
agentdojo-paper	primary_url_confirmed	R2.12	current_r3_direct	INV-26	provenance/owasp-agentic-agentdojo.md
agentdojo-paper	primary_url_confirmed	F-8	current_r3_direct	M-sec-taint_map	provenance/owasp-agentic-agentdojo.md
agentdojo-paper	primary_url_confirmed	F-8	current_r3_direct	M-core-decision_manifest	provenance/owasp-agentic-agentdojo.md
agentdojo-paper	primary_url_confirmed	F-8	current_r3_direct	R3.QA:prompt_carrier	provenance/owasp-agentic-agentdojo.md
agentdojo-paper	primary_url_confirmed	F-8	current_r3_direct	INV-8	provenance/owasp-agentic-agentdojo.md
agentdojo-paper	primary_url_confirmed	F-8	current_r3_direct	INV-19	provenance/owasp-agentic-agentdojo.md
cyclonedx-mlbom	primary_url_confirmed	F-13	current_r3_direct	C6	provenance/cyclonedx-spdx.md
cyclonedx-mlbom	primary_url_confirmed	F-13	current_r3_direct	M-sec-aibom_manifest	provenance/cyclonedx-spdx.md
cyclonedx-mlbom	primary_url_confirmed	F-13	current_r3_direct	M-sec-supply_chain_attestation	provenance/cyclonedx-spdx.md
cyclonedx-mlbom	primary_url_confirmed	F-13	current_r3_direct	INV-14	provenance/cyclonedx-spdx.md
cyclonedx-mlbom	primary_url_confirmed	F-13	current_r3_direct	INV-24	provenance/cyclonedx-spdx.md
cyclonedx-mlbom	primary_url_confirmed	R2.10	current_r3_direct	C6	provenance/cyclonedx-spdx.md
cyclonedx-mlbom	primary_url_confirmed	R2.10	current_r3_direct	M-core-security_inventory	provenance/cyclonedx-spdx.md
cyclonedx-mlbom	primary_url_confirmed	R2.10	current_r3_direct	M-sec-supply_chain_attestation	provenance/cyclonedx-spdx.md
cyclonedx-mlbom	primary_url_confirmed	R2.10	current_r3_direct	M-sec-aibom_manifest	provenance/cyclonedx-spdx.md
cyclonedx-mlbom	primary_url_confirmed	R2.10	current_r3_direct	M-core-trace_manifest	provenance/cyclonedx-spdx.md
cyclonedx-mlbom	primary_url_confirmed	R2.10	current_r3_direct	INV-14	provenance/cyclonedx-spdx.md
cyclonedx-mlbom	primary_url_confirmed	R2.10	current_r3_direct	INV-24	provenance/cyclonedx-spdx.md
cyclonedx-mlbom	primary_url_confirmed	R2.12	current_r3_direct	C6	provenance/cyclonedx-spdx.md
cyclonedx-mlbom	primary_url_confirmed	R2.12	current_r3_direct	C7	provenance/cyclonedx-spdx.md
cyclonedx-mlbom	primary_url_confirmed	R2.12	current_r3_direct	M-core-security_inventory	provenance/cyclonedx-spdx.md
cyclonedx-mlbom	primary_url_confirmed	R2.12	current_r3_direct	M-sec-taint_map	provenance/cyclonedx-spdx.md
cyclonedx-mlbom	primary_url_confirmed	R2.12	current_r3_direct	M-sec-worker_sandbox_policy	provenance/cyclonedx-spdx.md
cyclonedx-mlbom	primary_url_confirmed	R2.12	current_r3_direct	M-sec-spend_ledger	provenance/cyclonedx-spdx.md
cyclonedx-mlbom	primary_url_confirmed	R2.12	current_r3_direct	M-sec-local_ui_policy	provenance/cyclonedx-spdx.md
cyclonedx-mlbom	primary_url_confirmed	R2.12	current_r3_direct	M-sec-supply_chain_attestation	provenance/cyclonedx-spdx.md
cyclonedx-mlbom	primary_url_confirmed	R2.12	current_r3_direct	M-sec-aibom_manifest	provenance/cyclonedx-spdx.md
cyclonedx-mlbom	primary_url_confirmed	R2.12	current_r3_direct	M-proto-mcp_adapter_manifest	provenance/cyclonedx-spdx.md
cyclonedx-mlbom	primary_url_confirmed	R2.12	current_r3_direct	M-proto-mcp_tool_inventory	provenance/cyclonedx-spdx.md
cyclonedx-mlbom	primary_url_confirmed	R2.12	current_r3_direct	M-proto-a2a_peer_manifest	provenance/cyclonedx-spdx.md
cyclonedx-mlbom	primary_url_confirmed	R2.12	current_r3_direct	INV-1	provenance/cyclonedx-spdx.md
cyclonedx-mlbom	primary_url_confirmed	R2.12	current_r3_direct	INV-3	provenance/cyclonedx-spdx.md
cyclonedx-mlbom	primary_url_confirmed	R2.12	current_r3_direct	INV-4	provenance/cyclonedx-spdx.md
cyclonedx-mlbom	primary_url_confirmed	R2.12	current_r3_direct	INV-5	provenance/cyclonedx-spdx.md
cyclonedx-mlbom	primary_url_confirmed	R2.12	current_r3_direct	INV-6	provenance/cyclonedx-spdx.md
cyclonedx-mlbom	primary_url_confirmed	R2.12	current_r3_direct	INV-8	provenance/cyclonedx-spdx.md
cyclonedx-mlbom	primary_url_confirmed	R2.12	current_r3_direct	INV-9	provenance/cyclonedx-spdx.md
cyclonedx-mlbom	primary_url_confirmed	R2.12	current_r3_direct	INV-14	provenance/cyclonedx-spdx.md
cyclonedx-mlbom	primary_url_confirmed	R2.12	current_r3_direct	INV-18	provenance/cyclonedx-spdx.md
cyclonedx-mlbom	primary_url_confirmed	R2.12	current_r3_direct	INV-19	provenance/cyclonedx-spdx.md
cyclonedx-mlbom	primary_url_confirmed	R2.12	current_r3_direct	INV-20	provenance/cyclonedx-spdx.md
cyclonedx-mlbom	primary_url_confirmed	R2.12	current_r3_direct	INV-21	provenance/cyclonedx-spdx.md
cyclonedx-mlbom	primary_url_confirmed	R2.12	current_r3_direct	INV-22	provenance/cyclonedx-spdx.md
cyclonedx-mlbom	primary_url_confirmed	R2.12	current_r3_direct	INV-23	provenance/cyclonedx-spdx.md
cyclonedx-mlbom	primary_url_confirmed	R2.12	current_r3_direct	INV-24	provenance/cyclonedx-spdx.md
cyclonedx-mlbom	primary_url_confirmed	R2.12	current_r3_direct	INV-25	provenance/cyclonedx-spdx.md
cyclonedx-mlbom	primary_url_confirmed	R2.12	current_r3_direct	INV-26	provenance/cyclonedx-spdx.md
cyclonedx-aimlbom-guide	saved_pdf	F-13	current_r3_direct	C6	provenance/cyclonedx-spdx.md
cyclonedx-aimlbom-guide	saved_pdf	F-13	current_r3_direct	M-sec-aibom_manifest	provenance/cyclonedx-spdx.md
cyclonedx-aimlbom-guide	saved_pdf	F-13	current_r3_direct	M-sec-supply_chain_attestation	provenance/cyclonedx-spdx.md
cyclonedx-aimlbom-guide	saved_pdf	F-13	current_r3_direct	INV-14	provenance/cyclonedx-spdx.md
cyclonedx-aimlbom-guide	saved_pdf	F-13	current_r3_direct	INV-24	provenance/cyclonedx-spdx.md
cyclonedx-aimlbom-guide	saved_pdf	R2.10	current_r3_direct	C6	provenance/cyclonedx-spdx.md
cyclonedx-aimlbom-guide	saved_pdf	R2.10	current_r3_direct	M-core-security_inventory	provenance/cyclonedx-spdx.md
cyclonedx-aimlbom-guide	saved_pdf	R2.10	current_r3_direct	M-sec-supply_chain_attestation	provenance/cyclonedx-spdx.md
cyclonedx-aimlbom-guide	saved_pdf	R2.10	current_r3_direct	M-sec-aibom_manifest	provenance/cyclonedx-spdx.md
cyclonedx-aimlbom-guide	saved_pdf	R2.10	current_r3_direct	M-core-trace_manifest	provenance/cyclonedx-spdx.md
cyclonedx-aimlbom-guide	saved_pdf	R2.10	current_r3_direct	INV-14	provenance/cyclonedx-spdx.md
cyclonedx-aimlbom-guide	saved_pdf	R2.10	current_r3_direct	INV-24	provenance/cyclonedx-spdx.md
cyclonedx-aimlbom-guide	saved_pdf	R2.12	current_r3_direct	C6	provenance/cyclonedx-spdx.md
cyclonedx-aimlbom-guide	saved_pdf	R2.12	current_r3_direct	C7	provenance/cyclonedx-spdx.md
cyclonedx-aimlbom-guide	saved_pdf	R2.12	current_r3_direct	M-core-security_inventory	provenance/cyclonedx-spdx.md
cyclonedx-aimlbom-guide	saved_pdf	R2.12	current_r3_direct	M-sec-taint_map	provenance/cyclonedx-spdx.md
cyclonedx-aimlbom-guide	saved_pdf	R2.12	current_r3_direct	M-sec-worker_sandbox_policy	provenance/cyclonedx-spdx.md
cyclonedx-aimlbom-guide	saved_pdf	R2.12	current_r3_direct	M-sec-spend_ledger	provenance/cyclonedx-spdx.md
cyclonedx-aimlbom-guide	saved_pdf	R2.12	current_r3_direct	M-sec-local_ui_policy	provenance/cyclonedx-spdx.md
cyclonedx-aimlbom-guide	saved_pdf	R2.12	current_r3_direct	M-sec-supply_chain_attestation	provenance/cyclonedx-spdx.md
cyclonedx-aimlbom-guide	saved_pdf	R2.12	current_r3_direct	M-sec-aibom_manifest	provenance/cyclonedx-spdx.md
cyclonedx-aimlbom-guide	saved_pdf	R2.12	current_r3_direct	M-proto-mcp_adapter_manifest	provenance/cyclonedx-spdx.md
cyclonedx-aimlbom-guide	saved_pdf	R2.12	current_r3_direct	M-proto-mcp_tool_inventory	provenance/cyclonedx-spdx.md
cyclonedx-aimlbom-guide	saved_pdf	R2.12	current_r3_direct	M-proto-a2a_peer_manifest	provenance/cyclonedx-spdx.md
cyclonedx-aimlbom-guide	saved_pdf	R2.12	current_r3_direct	INV-1	provenance/cyclonedx-spdx.md
cyclonedx-aimlbom-guide	saved_pdf	R2.12	current_r3_direct	INV-3	provenance/cyclonedx-spdx.md
cyclonedx-aimlbom-guide	saved_pdf	R2.12	current_r3_direct	INV-4	provenance/cyclonedx-spdx.md
cyclonedx-aimlbom-guide	saved_pdf	R2.12	current_r3_direct	INV-5	provenance/cyclonedx-spdx.md
cyclonedx-aimlbom-guide	saved_pdf	R2.12	current_r3_direct	INV-6	provenance/cyclonedx-spdx.md
cyclonedx-aimlbom-guide	saved_pdf	R2.12	current_r3_direct	INV-8	provenance/cyclonedx-spdx.md
cyclonedx-aimlbom-guide	saved_pdf	R2.12	current_r3_direct	INV-9	provenance/cyclonedx-spdx.md
cyclonedx-aimlbom-guide	saved_pdf	R2.12	current_r3_direct	INV-14	provenance/cyclonedx-spdx.md
cyclonedx-aimlbom-guide	saved_pdf	R2.12	current_r3_direct	INV-18	provenance/cyclonedx-spdx.md
cyclonedx-aimlbom-guide	saved_pdf	R2.12	current_r3_direct	INV-19	provenance/cyclonedx-spdx.md
cyclonedx-aimlbom-guide	saved_pdf	R2.12	current_r3_direct	INV-20	provenance/cyclonedx-spdx.md
cyclonedx-aimlbom-guide	saved_pdf	R2.12	current_r3_direct	INV-21	provenance/cyclonedx-spdx.md
cyclonedx-aimlbom-guide	saved_pdf	R2.12	current_r3_direct	INV-22	provenance/cyclonedx-spdx.md
cyclonedx-aimlbom-guide	saved_pdf	R2.12	current_r3_direct	INV-23	provenance/cyclonedx-spdx.md
cyclonedx-aimlbom-guide	saved_pdf	R2.12	current_r3_direct	INV-24	provenance/cyclonedx-spdx.md
cyclonedx-aimlbom-guide	saved_pdf	R2.12	current_r3_direct	INV-25	provenance/cyclonedx-spdx.md
cyclonedx-aimlbom-guide	saved_pdf	R2.12	current_r3_direct	INV-26	provenance/cyclonedx-spdx.md
spdx-ai-profile	primary_url_confirmed	F-13	current_r3_direct	C6	provenance/cyclonedx-spdx.md
spdx-ai-profile	primary_url_confirmed	F-13	current_r3_direct	M-sec-aibom_manifest	provenance/cyclonedx-spdx.md
spdx-ai-profile	primary_url_confirmed	F-13	current_r3_direct	M-sec-supply_chain_attestation	provenance/cyclonedx-spdx.md
spdx-ai-profile	primary_url_confirmed	F-13	current_r3_direct	INV-14	provenance/cyclonedx-spdx.md
spdx-ai-profile	primary_url_confirmed	F-13	current_r3_direct	INV-24	provenance/cyclonedx-spdx.md
spdx-ai-profile	primary_url_confirmed	R2.10	current_r3_direct	C6	provenance/cyclonedx-spdx.md
spdx-ai-profile	primary_url_confirmed	R2.10	current_r3_direct	M-core-security_inventory	provenance/cyclonedx-spdx.md
spdx-ai-profile	primary_url_confirmed	R2.10	current_r3_direct	M-sec-supply_chain_attestation	provenance/cyclonedx-spdx.md
spdx-ai-profile	primary_url_confirmed	R2.10	current_r3_direct	M-sec-aibom_manifest	provenance/cyclonedx-spdx.md
spdx-ai-profile	primary_url_confirmed	R2.10	current_r3_direct	M-core-trace_manifest	provenance/cyclonedx-spdx.md
spdx-ai-profile	primary_url_confirmed	R2.10	current_r3_direct	INV-14	provenance/cyclonedx-spdx.md
spdx-ai-profile	primary_url_confirmed	R2.10	current_r3_direct	INV-24	provenance/cyclonedx-spdx.md
spdx-ai-profile	primary_url_confirmed	R2.12	current_r3_direct	C6	provenance/cyclonedx-spdx.md
spdx-ai-profile	primary_url_confirmed	R2.12	current_r3_direct	C7	provenance/cyclonedx-spdx.md
spdx-ai-profile	primary_url_confirmed	R2.12	current_r3_direct	M-core-security_inventory	provenance/cyclonedx-spdx.md
spdx-ai-profile	primary_url_confirmed	R2.12	current_r3_direct	M-sec-taint_map	provenance/cyclonedx-spdx.md
spdx-ai-profile	primary_url_confirmed	R2.12	current_r3_direct	M-sec-worker_sandbox_policy	provenance/cyclonedx-spdx.md
spdx-ai-profile	primary_url_confirmed	R2.12	current_r3_direct	M-sec-spend_ledger	provenance/cyclonedx-spdx.md
spdx-ai-profile	primary_url_confirmed	R2.12	current_r3_direct	M-sec-local_ui_policy	provenance/cyclonedx-spdx.md
spdx-ai-profile	primary_url_confirmed	R2.12	current_r3_direct	M-sec-supply_chain_attestation	provenance/cyclonedx-spdx.md
spdx-ai-profile	primary_url_confirmed	R2.12	current_r3_direct	M-sec-aibom_manifest	provenance/cyclonedx-spdx.md
spdx-ai-profile	primary_url_confirmed	R2.12	current_r3_direct	M-proto-mcp_adapter_manifest	provenance/cyclonedx-spdx.md
spdx-ai-profile	primary_url_confirmed	R2.12	current_r3_direct	M-proto-mcp_tool_inventory	provenance/cyclonedx-spdx.md
spdx-ai-profile	primary_url_confirmed	R2.12	current_r3_direct	M-proto-a2a_peer_manifest	provenance/cyclonedx-spdx.md
spdx-ai-profile	primary_url_confirmed	R2.12	current_r3_direct	INV-1	provenance/cyclonedx-spdx.md
spdx-ai-profile	primary_url_confirmed	R2.12	current_r3_direct	INV-3	provenance/cyclonedx-spdx.md
spdx-ai-profile	primary_url_confirmed	R2.12	current_r3_direct	INV-4	provenance/cyclonedx-spdx.md
spdx-ai-profile	primary_url_confirmed	R2.12	current_r3_direct	INV-5	provenance/cyclonedx-spdx.md
spdx-ai-profile	primary_url_confirmed	R2.12	current_r3_direct	INV-6	provenance/cyclonedx-spdx.md
spdx-ai-profile	primary_url_confirmed	R2.12	current_r3_direct	INV-8	provenance/cyclonedx-spdx.md
spdx-ai-profile	primary_url_confirmed	R2.12	current_r3_direct	INV-9	provenance/cyclonedx-spdx.md
spdx-ai-profile	primary_url_confirmed	R2.12	current_r3_direct	INV-14	provenance/cyclonedx-spdx.md
spdx-ai-profile	primary_url_confirmed	R2.12	current_r3_direct	INV-18	provenance/cyclonedx-spdx.md
spdx-ai-profile	primary_url_confirmed	R2.12	current_r3_direct	INV-19	provenance/cyclonedx-spdx.md
spdx-ai-profile	primary_url_confirmed	R2.12	current_r3_direct	INV-20	provenance/cyclonedx-spdx.md
spdx-ai-profile	primary_url_confirmed	R2.12	current_r3_direct	INV-21	provenance/cyclonedx-spdx.md
spdx-ai-profile	primary_url_confirmed	R2.12	current_r3_direct	INV-22	provenance/cyclonedx-spdx.md
spdx-ai-profile	primary_url_confirmed	R2.12	current_r3_direct	INV-23	provenance/cyclonedx-spdx.md
spdx-ai-profile	primary_url_confirmed	R2.12	current_r3_direct	INV-24	provenance/cyclonedx-spdx.md
spdx-ai-profile	primary_url_confirmed	R2.12	current_r3_direct	INV-25	provenance/cyclonedx-spdx.md
spdx-ai-profile	primary_url_confirmed	R2.12	current_r3_direct	INV-26	provenance/cyclonedx-spdx.md
sigstore-cosign-attestation	primary_url_confirmed	R2.10	current_r3_direct	C6	provenance/supply-chain-runtime.md
sigstore-cosign-attestation	primary_url_confirmed	R2.10	current_r3_direct	M-core-security_inventory	provenance/supply-chain-runtime.md
sigstore-cosign-attestation	primary_url_confirmed	R2.10	current_r3_direct	M-sec-supply_chain_attestation	provenance/supply-chain-runtime.md
sigstore-cosign-attestation	primary_url_confirmed	R2.10	current_r3_direct	M-sec-aibom_manifest	provenance/supply-chain-runtime.md
sigstore-cosign-attestation	primary_url_confirmed	R2.10	current_r3_direct	M-core-trace_manifest	provenance/supply-chain-runtime.md
sigstore-cosign-attestation	primary_url_confirmed	R2.10	current_r3_direct	INV-14	provenance/supply-chain-runtime.md
sigstore-cosign-attestation	primary_url_confirmed	R2.10	current_r3_direct	INV-24	provenance/supply-chain-runtime.md
sigstore-cosign-attestation	primary_url_confirmed	R2.12	current_r3_direct	C6	provenance/supply-chain-runtime.md
sigstore-cosign-attestation	primary_url_confirmed	R2.12	current_r3_direct	C7	provenance/supply-chain-runtime.md
sigstore-cosign-attestation	primary_url_confirmed	R2.12	current_r3_direct	M-core-security_inventory	provenance/supply-chain-runtime.md
sigstore-cosign-attestation	primary_url_confirmed	R2.12	current_r3_direct	M-sec-taint_map	provenance/supply-chain-runtime.md
sigstore-cosign-attestation	primary_url_confirmed	R2.12	current_r3_direct	M-sec-worker_sandbox_policy	provenance/supply-chain-runtime.md
sigstore-cosign-attestation	primary_url_confirmed	R2.12	current_r3_direct	M-sec-spend_ledger	provenance/supply-chain-runtime.md
sigstore-cosign-attestation	primary_url_confirmed	R2.12	current_r3_direct	M-sec-local_ui_policy	provenance/supply-chain-runtime.md
sigstore-cosign-attestation	primary_url_confirmed	R2.12	current_r3_direct	M-sec-supply_chain_attestation	provenance/supply-chain-runtime.md
sigstore-cosign-attestation	primary_url_confirmed	R2.12	current_r3_direct	M-sec-aibom_manifest	provenance/supply-chain-runtime.md
sigstore-cosign-attestation	primary_url_confirmed	R2.12	current_r3_direct	M-proto-mcp_adapter_manifest	provenance/supply-chain-runtime.md
sigstore-cosign-attestation	primary_url_confirmed	R2.12	current_r3_direct	M-proto-mcp_tool_inventory	provenance/supply-chain-runtime.md
sigstore-cosign-attestation	primary_url_confirmed	R2.12	current_r3_direct	M-proto-a2a_peer_manifest	provenance/supply-chain-runtime.md
sigstore-cosign-attestation	primary_url_confirmed	R2.12	current_r3_direct	INV-1	provenance/supply-chain-runtime.md
sigstore-cosign-attestation	primary_url_confirmed	R2.12	current_r3_direct	INV-3	provenance/supply-chain-runtime.md
sigstore-cosign-attestation	primary_url_confirmed	R2.12	current_r3_direct	INV-4	provenance/supply-chain-runtime.md
sigstore-cosign-attestation	primary_url_confirmed	R2.12	current_r3_direct	INV-5	provenance/supply-chain-runtime.md
sigstore-cosign-attestation	primary_url_confirmed	R2.12	current_r3_direct	INV-6	provenance/supply-chain-runtime.md
sigstore-cosign-attestation	primary_url_confirmed	R2.12	current_r3_direct	INV-8	provenance/supply-chain-runtime.md
sigstore-cosign-attestation	primary_url_confirmed	R2.12	current_r3_direct	INV-9	provenance/supply-chain-runtime.md
sigstore-cosign-attestation	primary_url_confirmed	R2.12	current_r3_direct	INV-14	provenance/supply-chain-runtime.md
sigstore-cosign-attestation	primary_url_confirmed	R2.12	current_r3_direct	INV-18	provenance/supply-chain-runtime.md
sigstore-cosign-attestation	primary_url_confirmed	R2.12	current_r3_direct	INV-19	provenance/supply-chain-runtime.md
sigstore-cosign-attestation	primary_url_confirmed	R2.12	current_r3_direct	INV-20	provenance/supply-chain-runtime.md
sigstore-cosign-attestation	primary_url_confirmed	R2.12	current_r3_direct	INV-21	provenance/supply-chain-runtime.md
sigstore-cosign-attestation	primary_url_confirmed	R2.12	current_r3_direct	INV-22	provenance/supply-chain-runtime.md
sigstore-cosign-attestation	primary_url_confirmed	R2.12	current_r3_direct	INV-23	provenance/supply-chain-runtime.md
sigstore-cosign-attestation	primary_url_confirmed	R2.12	current_r3_direct	INV-24	provenance/supply-chain-runtime.md
sigstore-cosign-attestation	primary_url_confirmed	R2.12	current_r3_direct	INV-25	provenance/supply-chain-runtime.md
sigstore-cosign-attestation	primary_url_confirmed	R2.12	current_r3_direct	INV-26	provenance/supply-chain-runtime.md
slsa-v1-2	primary_url_confirmed	R2.10	current_r3_direct	C6	provenance/supply-chain-runtime.md
slsa-v1-2	primary_url_confirmed	R2.10	current_r3_direct	M-core-security_inventory	provenance/supply-chain-runtime.md
slsa-v1-2	primary_url_confirmed	R2.10	current_r3_direct	M-sec-supply_chain_attestation	provenance/supply-chain-runtime.md
slsa-v1-2	primary_url_confirmed	R2.10	current_r3_direct	M-sec-aibom_manifest	provenance/supply-chain-runtime.md
slsa-v1-2	primary_url_confirmed	R2.10	current_r3_direct	M-core-trace_manifest	provenance/supply-chain-runtime.md
slsa-v1-2	primary_url_confirmed	R2.10	current_r3_direct	INV-14	provenance/supply-chain-runtime.md
slsa-v1-2	primary_url_confirmed	R2.10	current_r3_direct	INV-24	provenance/supply-chain-runtime.md
slsa-v1-2	primary_url_confirmed	R2.12	current_r3_direct	C6	provenance/supply-chain-runtime.md
slsa-v1-2	primary_url_confirmed	R2.12	current_r3_direct	C7	provenance/supply-chain-runtime.md
slsa-v1-2	primary_url_confirmed	R2.12	current_r3_direct	M-core-security_inventory	provenance/supply-chain-runtime.md
slsa-v1-2	primary_url_confirmed	R2.12	current_r3_direct	M-sec-taint_map	provenance/supply-chain-runtime.md
slsa-v1-2	primary_url_confirmed	R2.12	current_r3_direct	M-sec-worker_sandbox_policy	provenance/supply-chain-runtime.md
slsa-v1-2	primary_url_confirmed	R2.12	current_r3_direct	M-sec-spend_ledger	provenance/supply-chain-runtime.md
slsa-v1-2	primary_url_confirmed	R2.12	current_r3_direct	M-sec-local_ui_policy	provenance/supply-chain-runtime.md
slsa-v1-2	primary_url_confirmed	R2.12	current_r3_direct	M-sec-supply_chain_attestation	provenance/supply-chain-runtime.md
slsa-v1-2	primary_url_confirmed	R2.12	current_r3_direct	M-sec-aibom_manifest	provenance/supply-chain-runtime.md
slsa-v1-2	primary_url_confirmed	R2.12	current_r3_direct	M-proto-mcp_adapter_manifest	provenance/supply-chain-runtime.md
slsa-v1-2	primary_url_confirmed	R2.12	current_r3_direct	M-proto-mcp_tool_inventory	provenance/supply-chain-runtime.md
slsa-v1-2	primary_url_confirmed	R2.12	current_r3_direct	M-proto-a2a_peer_manifest	provenance/supply-chain-runtime.md
slsa-v1-2	primary_url_confirmed	R2.12	current_r3_direct	INV-1	provenance/supply-chain-runtime.md
slsa-v1-2	primary_url_confirmed	R2.12	current_r3_direct	INV-3	provenance/supply-chain-runtime.md
slsa-v1-2	primary_url_confirmed	R2.12	current_r3_direct	INV-4	provenance/supply-chain-runtime.md
slsa-v1-2	primary_url_confirmed	R2.12	current_r3_direct	INV-5	provenance/supply-chain-runtime.md
slsa-v1-2	primary_url_confirmed	R2.12	current_r3_direct	INV-6	provenance/supply-chain-runtime.md
slsa-v1-2	primary_url_confirmed	R2.12	current_r3_direct	INV-8	provenance/supply-chain-runtime.md
slsa-v1-2	primary_url_confirmed	R2.12	current_r3_direct	INV-9	provenance/supply-chain-runtime.md
slsa-v1-2	primary_url_confirmed	R2.12	current_r3_direct	INV-14	provenance/supply-chain-runtime.md
slsa-v1-2	primary_url_confirmed	R2.12	current_r3_direct	INV-18	provenance/supply-chain-runtime.md
slsa-v1-2	primary_url_confirmed	R2.12	current_r3_direct	INV-19	provenance/supply-chain-runtime.md
slsa-v1-2	primary_url_confirmed	R2.12	current_r3_direct	INV-20	provenance/supply-chain-runtime.md
slsa-v1-2	primary_url_confirmed	R2.12	current_r3_direct	INV-21	provenance/supply-chain-runtime.md
slsa-v1-2	primary_url_confirmed	R2.12	current_r3_direct	INV-22	provenance/supply-chain-runtime.md
slsa-v1-2	primary_url_confirmed	R2.12	current_r3_direct	INV-23	provenance/supply-chain-runtime.md
slsa-v1-2	primary_url_confirmed	R2.12	current_r3_direct	INV-24	provenance/supply-chain-runtime.md
slsa-v1-2	primary_url_confirmed	R2.12	current_r3_direct	INV-25	provenance/supply-chain-runtime.md
slsa-v1-2	primary_url_confirmed	R2.12	current_r3_direct	INV-26	provenance/supply-chain-runtime.md
intoto-attestation-spec	primary_url_confirmed	R2.10	current_r3_direct	C6	provenance/supply-chain-runtime.md
intoto-attestation-spec	primary_url_confirmed	R2.10	current_r3_direct	M-core-security_inventory	provenance/supply-chain-runtime.md
intoto-attestation-spec	primary_url_confirmed	R2.10	current_r3_direct	M-sec-supply_chain_attestation	provenance/supply-chain-runtime.md
intoto-attestation-spec	primary_url_confirmed	R2.10	current_r3_direct	M-sec-aibom_manifest	provenance/supply-chain-runtime.md
intoto-attestation-spec	primary_url_confirmed	R2.10	current_r3_direct	M-core-trace_manifest	provenance/supply-chain-runtime.md
intoto-attestation-spec	primary_url_confirmed	R2.10	current_r3_direct	INV-14	provenance/supply-chain-runtime.md
intoto-attestation-spec	primary_url_confirmed	R2.10	current_r3_direct	INV-24	provenance/supply-chain-runtime.md
intoto-attestation-spec	primary_url_confirmed	R2.12	current_r3_direct	C6	provenance/supply-chain-runtime.md
intoto-attestation-spec	primary_url_confirmed	R2.12	current_r3_direct	C7	provenance/supply-chain-runtime.md
intoto-attestation-spec	primary_url_confirmed	R2.12	current_r3_direct	M-core-security_inventory	provenance/supply-chain-runtime.md
intoto-attestation-spec	primary_url_confirmed	R2.12	current_r3_direct	M-sec-taint_map	provenance/supply-chain-runtime.md
intoto-attestation-spec	primary_url_confirmed	R2.12	current_r3_direct	M-sec-worker_sandbox_policy	provenance/supply-chain-runtime.md
intoto-attestation-spec	primary_url_confirmed	R2.12	current_r3_direct	M-sec-spend_ledger	provenance/supply-chain-runtime.md
intoto-attestation-spec	primary_url_confirmed	R2.12	current_r3_direct	M-sec-local_ui_policy	provenance/supply-chain-runtime.md
intoto-attestation-spec	primary_url_confirmed	R2.12	current_r3_direct	M-sec-supply_chain_attestation	provenance/supply-chain-runtime.md
intoto-attestation-spec	primary_url_confirmed	R2.12	current_r3_direct	M-sec-aibom_manifest	provenance/supply-chain-runtime.md
intoto-attestation-spec	primary_url_confirmed	R2.12	current_r3_direct	M-proto-mcp_adapter_manifest	provenance/supply-chain-runtime.md
intoto-attestation-spec	primary_url_confirmed	R2.12	current_r3_direct	M-proto-mcp_tool_inventory	provenance/supply-chain-runtime.md
intoto-attestation-spec	primary_url_confirmed	R2.12	current_r3_direct	M-proto-a2a_peer_manifest	provenance/supply-chain-runtime.md
intoto-attestation-spec	primary_url_confirmed	R2.12	current_r3_direct	INV-1	provenance/supply-chain-runtime.md
intoto-attestation-spec	primary_url_confirmed	R2.12	current_r3_direct	INV-3	provenance/supply-chain-runtime.md
intoto-attestation-spec	primary_url_confirmed	R2.12	current_r3_direct	INV-4	provenance/supply-chain-runtime.md
intoto-attestation-spec	primary_url_confirmed	R2.12	current_r3_direct	INV-5	provenance/supply-chain-runtime.md
intoto-attestation-spec	primary_url_confirmed	R2.12	current_r3_direct	INV-6	provenance/supply-chain-runtime.md
intoto-attestation-spec	primary_url_confirmed	R2.12	current_r3_direct	INV-8	provenance/supply-chain-runtime.md
intoto-attestation-spec	primary_url_confirmed	R2.12	current_r3_direct	INV-9	provenance/supply-chain-runtime.md
intoto-attestation-spec	primary_url_confirmed	R2.12	current_r3_direct	INV-14	provenance/supply-chain-runtime.md
intoto-attestation-spec	primary_url_confirmed	R2.12	current_r3_direct	INV-18	provenance/supply-chain-runtime.md
intoto-attestation-spec	primary_url_confirmed	R2.12	current_r3_direct	INV-19	provenance/supply-chain-runtime.md
intoto-attestation-spec	primary_url_confirmed	R2.12	current_r3_direct	INV-20	provenance/supply-chain-runtime.md
intoto-attestation-spec	primary_url_confirmed	R2.12	current_r3_direct	INV-21	provenance/supply-chain-runtime.md
intoto-attestation-spec	primary_url_confirmed	R2.12	current_r3_direct	INV-22	provenance/supply-chain-runtime.md
intoto-attestation-spec	primary_url_confirmed	R2.12	current_r3_direct	INV-23	provenance/supply-chain-runtime.md
intoto-attestation-spec	primary_url_confirmed	R2.12	current_r3_direct	INV-24	provenance/supply-chain-runtime.md
intoto-attestation-spec	primary_url_confirmed	R2.12	current_r3_direct	INV-25	provenance/supply-chain-runtime.md
intoto-attestation-spec	primary_url_confirmed	R2.12	current_r3_direct	INV-26	provenance/supply-chain-runtime.md
syft-docs	primary_url_confirmed	R2.10	current_r3_direct	C6	provenance/supply-chain-runtime.md
syft-docs	primary_url_confirmed	R2.10	current_r3_direct	M-core-security_inventory	provenance/supply-chain-runtime.md
syft-docs	primary_url_confirmed	R2.10	current_r3_direct	M-sec-supply_chain_attestation	provenance/supply-chain-runtime.md
syft-docs	primary_url_confirmed	R2.10	current_r3_direct	M-sec-aibom_manifest	provenance/supply-chain-runtime.md
syft-docs	primary_url_confirmed	R2.10	current_r3_direct	M-core-trace_manifest	provenance/supply-chain-runtime.md
syft-docs	primary_url_confirmed	R2.10	current_r3_direct	INV-14	provenance/supply-chain-runtime.md
syft-docs	primary_url_confirmed	R2.10	current_r3_direct	INV-24	provenance/supply-chain-runtime.md
syft-docs	primary_url_confirmed	R2.12	current_r3_direct	C6	provenance/supply-chain-runtime.md
syft-docs	primary_url_confirmed	R2.12	current_r3_direct	C7	provenance/supply-chain-runtime.md
syft-docs	primary_url_confirmed	R2.12	current_r3_direct	M-core-security_inventory	provenance/supply-chain-runtime.md
syft-docs	primary_url_confirmed	R2.12	current_r3_direct	M-sec-taint_map	provenance/supply-chain-runtime.md
syft-docs	primary_url_confirmed	R2.12	current_r3_direct	M-sec-worker_sandbox_policy	provenance/supply-chain-runtime.md
syft-docs	primary_url_confirmed	R2.12	current_r3_direct	M-sec-spend_ledger	provenance/supply-chain-runtime.md
syft-docs	primary_url_confirmed	R2.12	current_r3_direct	M-sec-local_ui_policy	provenance/supply-chain-runtime.md
syft-docs	primary_url_confirmed	R2.12	current_r3_direct	M-sec-supply_chain_attestation	provenance/supply-chain-runtime.md
syft-docs	primary_url_confirmed	R2.12	current_r3_direct	M-sec-aibom_manifest	provenance/supply-chain-runtime.md
syft-docs	primary_url_confirmed	R2.12	current_r3_direct	M-proto-mcp_adapter_manifest	provenance/supply-chain-runtime.md
syft-docs	primary_url_confirmed	R2.12	current_r3_direct	M-proto-mcp_tool_inventory	provenance/supply-chain-runtime.md
syft-docs	primary_url_confirmed	R2.12	current_r3_direct	M-proto-a2a_peer_manifest	provenance/supply-chain-runtime.md
syft-docs	primary_url_confirmed	R2.12	current_r3_direct	INV-1	provenance/supply-chain-runtime.md
syft-docs	primary_url_confirmed	R2.12	current_r3_direct	INV-3	provenance/supply-chain-runtime.md
syft-docs	primary_url_confirmed	R2.12	current_r3_direct	INV-4	provenance/supply-chain-runtime.md
syft-docs	primary_url_confirmed	R2.12	current_r3_direct	INV-5	provenance/supply-chain-runtime.md
syft-docs	primary_url_confirmed	R2.12	current_r3_direct	INV-6	provenance/supply-chain-runtime.md
syft-docs	primary_url_confirmed	R2.12	current_r3_direct	INV-8	provenance/supply-chain-runtime.md
syft-docs	primary_url_confirmed	R2.12	current_r3_direct	INV-9	provenance/supply-chain-runtime.md
syft-docs	primary_url_confirmed	R2.12	current_r3_direct	INV-14	provenance/supply-chain-runtime.md
syft-docs	primary_url_confirmed	R2.12	current_r3_direct	INV-18	provenance/supply-chain-runtime.md
syft-docs	primary_url_confirmed	R2.12	current_r3_direct	INV-19	provenance/supply-chain-runtime.md
syft-docs	primary_url_confirmed	R2.12	current_r3_direct	INV-20	provenance/supply-chain-runtime.md
syft-docs	primary_url_confirmed	R2.12	current_r3_direct	INV-21	provenance/supply-chain-runtime.md
syft-docs	primary_url_confirmed	R2.12	current_r3_direct	INV-22	provenance/supply-chain-runtime.md
syft-docs	primary_url_confirmed	R2.12	current_r3_direct	INV-23	provenance/supply-chain-runtime.md
syft-docs	primary_url_confirmed	R2.12	current_r3_direct	INV-24	provenance/supply-chain-runtime.md
syft-docs	primary_url_confirmed	R2.12	current_r3_direct	INV-25	provenance/supply-chain-runtime.md
syft-docs	primary_url_confirmed	R2.12	current_r3_direct	INV-26	provenance/supply-chain-runtime.md
grype-docs	primary_url_confirmed	R2.10	current_r3_direct	C6	provenance/supply-chain-runtime.md
grype-docs	primary_url_confirmed	R2.10	current_r3_direct	M-core-security_inventory	provenance/supply-chain-runtime.md
grype-docs	primary_url_confirmed	R2.10	current_r3_direct	M-sec-supply_chain_attestation	provenance/supply-chain-runtime.md
grype-docs	primary_url_confirmed	R2.10	current_r3_direct	M-sec-aibom_manifest	provenance/supply-chain-runtime.md
grype-docs	primary_url_confirmed	R2.10	current_r3_direct	M-core-trace_manifest	provenance/supply-chain-runtime.md
grype-docs	primary_url_confirmed	R2.10	current_r3_direct	INV-14	provenance/supply-chain-runtime.md
grype-docs	primary_url_confirmed	R2.10	current_r3_direct	INV-24	provenance/supply-chain-runtime.md
grype-docs	primary_url_confirmed	R2.12	current_r3_direct	C6	provenance/supply-chain-runtime.md
grype-docs	primary_url_confirmed	R2.12	current_r3_direct	C7	provenance/supply-chain-runtime.md
grype-docs	primary_url_confirmed	R2.12	current_r3_direct	M-core-security_inventory	provenance/supply-chain-runtime.md
grype-docs	primary_url_confirmed	R2.12	current_r3_direct	M-sec-taint_map	provenance/supply-chain-runtime.md
grype-docs	primary_url_confirmed	R2.12	current_r3_direct	M-sec-worker_sandbox_policy	provenance/supply-chain-runtime.md
grype-docs	primary_url_confirmed	R2.12	current_r3_direct	M-sec-spend_ledger	provenance/supply-chain-runtime.md
grype-docs	primary_url_confirmed	R2.12	current_r3_direct	M-sec-local_ui_policy	provenance/supply-chain-runtime.md
grype-docs	primary_url_confirmed	R2.12	current_r3_direct	M-sec-supply_chain_attestation	provenance/supply-chain-runtime.md
grype-docs	primary_url_confirmed	R2.12	current_r3_direct	M-sec-aibom_manifest	provenance/supply-chain-runtime.md
grype-docs	primary_url_confirmed	R2.12	current_r3_direct	M-proto-mcp_adapter_manifest	provenance/supply-chain-runtime.md
grype-docs	primary_url_confirmed	R2.12	current_r3_direct	M-proto-mcp_tool_inventory	provenance/supply-chain-runtime.md
grype-docs	primary_url_confirmed	R2.12	current_r3_direct	M-proto-a2a_peer_manifest	provenance/supply-chain-runtime.md
grype-docs	primary_url_confirmed	R2.12	current_r3_direct	INV-1	provenance/supply-chain-runtime.md
grype-docs	primary_url_confirmed	R2.12	current_r3_direct	INV-3	provenance/supply-chain-runtime.md
grype-docs	primary_url_confirmed	R2.12	current_r3_direct	INV-4	provenance/supply-chain-runtime.md
grype-docs	primary_url_confirmed	R2.12	current_r3_direct	INV-5	provenance/supply-chain-runtime.md
grype-docs	primary_url_confirmed	R2.12	current_r3_direct	INV-6	provenance/supply-chain-runtime.md
grype-docs	primary_url_confirmed	R2.12	current_r3_direct	INV-8	provenance/supply-chain-runtime.md
grype-docs	primary_url_confirmed	R2.12	current_r3_direct	INV-9	provenance/supply-chain-runtime.md
grype-docs	primary_url_confirmed	R2.12	current_r3_direct	INV-14	provenance/supply-chain-runtime.md
grype-docs	primary_url_confirmed	R2.12	current_r3_direct	INV-18	provenance/supply-chain-runtime.md
grype-docs	primary_url_confirmed	R2.12	current_r3_direct	INV-19	provenance/supply-chain-runtime.md
grype-docs	primary_url_confirmed	R2.12	current_r3_direct	INV-20	provenance/supply-chain-runtime.md
grype-docs	primary_url_confirmed	R2.12	current_r3_direct	INV-21	provenance/supply-chain-runtime.md
grype-docs	primary_url_confirmed	R2.12	current_r3_direct	INV-22	provenance/supply-chain-runtime.md
grype-docs	primary_url_confirmed	R2.12	current_r3_direct	INV-23	provenance/supply-chain-runtime.md
grype-docs	primary_url_confirmed	R2.12	current_r3_direct	INV-24	provenance/supply-chain-runtime.md
grype-docs	primary_url_confirmed	R2.12	current_r3_direct	INV-25	provenance/supply-chain-runtime.md
grype-docs	primary_url_confirmed	R2.12	current_r3_direct	INV-26	provenance/supply-chain-runtime.md
scorecard-checks	primary_url_confirmed	R2.10	current_r3_direct	C6	provenance/supply-chain-runtime.md
scorecard-checks	primary_url_confirmed	R2.10	current_r3_direct	M-core-security_inventory	provenance/supply-chain-runtime.md
scorecard-checks	primary_url_confirmed	R2.10	current_r3_direct	M-sec-supply_chain_attestation	provenance/supply-chain-runtime.md
scorecard-checks	primary_url_confirmed	R2.10	current_r3_direct	M-sec-aibom_manifest	provenance/supply-chain-runtime.md
scorecard-checks	primary_url_confirmed	R2.10	current_r3_direct	M-core-trace_manifest	provenance/supply-chain-runtime.md
scorecard-checks	primary_url_confirmed	R2.10	current_r3_direct	INV-14	provenance/supply-chain-runtime.md
scorecard-checks	primary_url_confirmed	R2.10	current_r3_direct	INV-24	provenance/supply-chain-runtime.md
scorecard-checks	primary_url_confirmed	R2.12	current_r3_direct	C6	provenance/supply-chain-runtime.md
scorecard-checks	primary_url_confirmed	R2.12	current_r3_direct	C7	provenance/supply-chain-runtime.md
scorecard-checks	primary_url_confirmed	R2.12	current_r3_direct	M-core-security_inventory	provenance/supply-chain-runtime.md
scorecard-checks	primary_url_confirmed	R2.12	current_r3_direct	M-sec-taint_map	provenance/supply-chain-runtime.md
scorecard-checks	primary_url_confirmed	R2.12	current_r3_direct	M-sec-worker_sandbox_policy	provenance/supply-chain-runtime.md
scorecard-checks	primary_url_confirmed	R2.12	current_r3_direct	M-sec-spend_ledger	provenance/supply-chain-runtime.md
scorecard-checks	primary_url_confirmed	R2.12	current_r3_direct	M-sec-local_ui_policy	provenance/supply-chain-runtime.md
scorecard-checks	primary_url_confirmed	R2.12	current_r3_direct	M-sec-supply_chain_attestation	provenance/supply-chain-runtime.md
scorecard-checks	primary_url_confirmed	R2.12	current_r3_direct	M-sec-aibom_manifest	provenance/supply-chain-runtime.md
scorecard-checks	primary_url_confirmed	R2.12	current_r3_direct	M-proto-mcp_adapter_manifest	provenance/supply-chain-runtime.md
scorecard-checks	primary_url_confirmed	R2.12	current_r3_direct	M-proto-mcp_tool_inventory	provenance/supply-chain-runtime.md
scorecard-checks	primary_url_confirmed	R2.12	current_r3_direct	M-proto-a2a_peer_manifest	provenance/supply-chain-runtime.md
scorecard-checks	primary_url_confirmed	R2.12	current_r3_direct	INV-1	provenance/supply-chain-runtime.md
scorecard-checks	primary_url_confirmed	R2.12	current_r3_direct	INV-3	provenance/supply-chain-runtime.md
scorecard-checks	primary_url_confirmed	R2.12	current_r3_direct	INV-4	provenance/supply-chain-runtime.md
scorecard-checks	primary_url_confirmed	R2.12	current_r3_direct	INV-5	provenance/supply-chain-runtime.md
scorecard-checks	primary_url_confirmed	R2.12	current_r3_direct	INV-6	provenance/supply-chain-runtime.md
scorecard-checks	primary_url_confirmed	R2.12	current_r3_direct	INV-8	provenance/supply-chain-runtime.md
scorecard-checks	primary_url_confirmed	R2.12	current_r3_direct	INV-9	provenance/supply-chain-runtime.md
scorecard-checks	primary_url_confirmed	R2.12	current_r3_direct	INV-14	provenance/supply-chain-runtime.md
scorecard-checks	primary_url_confirmed	R2.12	current_r3_direct	INV-18	provenance/supply-chain-runtime.md
scorecard-checks	primary_url_confirmed	R2.12	current_r3_direct	INV-19	provenance/supply-chain-runtime.md
scorecard-checks	primary_url_confirmed	R2.12	current_r3_direct	INV-20	provenance/supply-chain-runtime.md
scorecard-checks	primary_url_confirmed	R2.12	current_r3_direct	INV-21	provenance/supply-chain-runtime.md
scorecard-checks	primary_url_confirmed	R2.12	current_r3_direct	INV-22	provenance/supply-chain-runtime.md
scorecard-checks	primary_url_confirmed	R2.12	current_r3_direct	INV-23	provenance/supply-chain-runtime.md
scorecard-checks	primary_url_confirmed	R2.12	current_r3_direct	INV-24	provenance/supply-chain-runtime.md
scorecard-checks	primary_url_confirmed	R2.12	current_r3_direct	INV-25	provenance/supply-chain-runtime.md
scorecard-checks	primary_url_confirmed	R2.12	current_r3_direct	INV-26	provenance/supply-chain-runtime.md
wasmtime-security	primary_url_confirmed	R2.11	current_r3_direct	C6	provenance/supply-chain-runtime.md
wasmtime-security	primary_url_confirmed	R2.11	current_r3_direct	E-sec-sandbox_policy	provenance/supply-chain-runtime.md
wasmtime-security	primary_url_confirmed	R2.11	current_r3_direct	M-sec-worker_sandbox_policy	provenance/supply-chain-runtime.md
wasmtime-security	primary_url_confirmed	R2.11	current_r3_direct	M-core-security_inventory	provenance/supply-chain-runtime.md
wasmtime-security	primary_url_confirmed	R2.11	current_r3_direct	INV-18	provenance/supply-chain-runtime.md
wasmtime-security	primary_url_confirmed	R2.11	current_r3_direct	INV-24	provenance/supply-chain-runtime.md
wasmtime-security	primary_url_confirmed	R2.12	current_r3_direct	C6	provenance/supply-chain-runtime.md
wasmtime-security	primary_url_confirmed	R2.12	current_r3_direct	C7	provenance/supply-chain-runtime.md
wasmtime-security	primary_url_confirmed	R2.12	current_r3_direct	M-core-security_inventory	provenance/supply-chain-runtime.md
wasmtime-security	primary_url_confirmed	R2.12	current_r3_direct	M-sec-taint_map	provenance/supply-chain-runtime.md
wasmtime-security	primary_url_confirmed	R2.12	current_r3_direct	M-sec-worker_sandbox_policy	provenance/supply-chain-runtime.md
wasmtime-security	primary_url_confirmed	R2.12	current_r3_direct	M-sec-spend_ledger	provenance/supply-chain-runtime.md
wasmtime-security	primary_url_confirmed	R2.12	current_r3_direct	M-sec-local_ui_policy	provenance/supply-chain-runtime.md
wasmtime-security	primary_url_confirmed	R2.12	current_r3_direct	M-sec-supply_chain_attestation	provenance/supply-chain-runtime.md
wasmtime-security	primary_url_confirmed	R2.12	current_r3_direct	M-sec-aibom_manifest	provenance/supply-chain-runtime.md
wasmtime-security	primary_url_confirmed	R2.12	current_r3_direct	M-proto-mcp_adapter_manifest	provenance/supply-chain-runtime.md
wasmtime-security	primary_url_confirmed	R2.12	current_r3_direct	M-proto-mcp_tool_inventory	provenance/supply-chain-runtime.md
wasmtime-security	primary_url_confirmed	R2.12	current_r3_direct	M-proto-a2a_peer_manifest	provenance/supply-chain-runtime.md
wasmtime-security	primary_url_confirmed	R2.12	current_r3_direct	INV-1	provenance/supply-chain-runtime.md
wasmtime-security	primary_url_confirmed	R2.12	current_r3_direct	INV-3	provenance/supply-chain-runtime.md
wasmtime-security	primary_url_confirmed	R2.12	current_r3_direct	INV-4	provenance/supply-chain-runtime.md
wasmtime-security	primary_url_confirmed	R2.12	current_r3_direct	INV-5	provenance/supply-chain-runtime.md
wasmtime-security	primary_url_confirmed	R2.12	current_r3_direct	INV-6	provenance/supply-chain-runtime.md
wasmtime-security	primary_url_confirmed	R2.12	current_r3_direct	INV-8	provenance/supply-chain-runtime.md
wasmtime-security	primary_url_confirmed	R2.12	current_r3_direct	INV-9	provenance/supply-chain-runtime.md
wasmtime-security	primary_url_confirmed	R2.12	current_r3_direct	INV-14	provenance/supply-chain-runtime.md
wasmtime-security	primary_url_confirmed	R2.12	current_r3_direct	INV-18	provenance/supply-chain-runtime.md
wasmtime-security	primary_url_confirmed	R2.12	current_r3_direct	INV-19	provenance/supply-chain-runtime.md
wasmtime-security	primary_url_confirmed	R2.12	current_r3_direct	INV-20	provenance/supply-chain-runtime.md
wasmtime-security	primary_url_confirmed	R2.12	current_r3_direct	INV-21	provenance/supply-chain-runtime.md
wasmtime-security	primary_url_confirmed	R2.12	current_r3_direct	INV-22	provenance/supply-chain-runtime.md
wasmtime-security	primary_url_confirmed	R2.12	current_r3_direct	INV-23	provenance/supply-chain-runtime.md
wasmtime-security	primary_url_confirmed	R2.12	current_r3_direct	INV-24	provenance/supply-chain-runtime.md
wasmtime-security	primary_url_confirmed	R2.12	current_r3_direct	INV-25	provenance/supply-chain-runtime.md
wasmtime-security	primary_url_confirmed	R2.12	current_r3_direct	INV-26	provenance/supply-chain-runtime.md
wasi-capability-model	primary_url_confirmed	R2.11	current_r3_direct	C6	provenance/supply-chain-runtime.md
wasi-capability-model	primary_url_confirmed	R2.11	current_r3_direct	E-sec-sandbox_policy	provenance/supply-chain-runtime.md
wasi-capability-model	primary_url_confirmed	R2.11	current_r3_direct	M-sec-worker_sandbox_policy	provenance/supply-chain-runtime.md
wasi-capability-model	primary_url_confirmed	R2.11	current_r3_direct	M-core-security_inventory	provenance/supply-chain-runtime.md
wasi-capability-model	primary_url_confirmed	R2.11	current_r3_direct	INV-18	provenance/supply-chain-runtime.md
wasi-capability-model	primary_url_confirmed	R2.11	current_r3_direct	INV-24	provenance/supply-chain-runtime.md
wasi-capability-model	primary_url_confirmed	R2.12	current_r3_direct	C6	provenance/supply-chain-runtime.md
wasi-capability-model	primary_url_confirmed	R2.12	current_r3_direct	C7	provenance/supply-chain-runtime.md
wasi-capability-model	primary_url_confirmed	R2.12	current_r3_direct	M-core-security_inventory	provenance/supply-chain-runtime.md
wasi-capability-model	primary_url_confirmed	R2.12	current_r3_direct	M-sec-taint_map	provenance/supply-chain-runtime.md
wasi-capability-model	primary_url_confirmed	R2.12	current_r3_direct	M-sec-worker_sandbox_policy	provenance/supply-chain-runtime.md
wasi-capability-model	primary_url_confirmed	R2.12	current_r3_direct	M-sec-spend_ledger	provenance/supply-chain-runtime.md
wasi-capability-model	primary_url_confirmed	R2.12	current_r3_direct	M-sec-local_ui_policy	provenance/supply-chain-runtime.md
wasi-capability-model	primary_url_confirmed	R2.12	current_r3_direct	M-sec-supply_chain_attestation	provenance/supply-chain-runtime.md
wasi-capability-model	primary_url_confirmed	R2.12	current_r3_direct	M-sec-aibom_manifest	provenance/supply-chain-runtime.md
wasi-capability-model	primary_url_confirmed	R2.12	current_r3_direct	M-proto-mcp_adapter_manifest	provenance/supply-chain-runtime.md
wasi-capability-model	primary_url_confirmed	R2.12	current_r3_direct	M-proto-mcp_tool_inventory	provenance/supply-chain-runtime.md
wasi-capability-model	primary_url_confirmed	R2.12	current_r3_direct	M-proto-a2a_peer_manifest	provenance/supply-chain-runtime.md
wasi-capability-model	primary_url_confirmed	R2.12	current_r3_direct	INV-1	provenance/supply-chain-runtime.md
wasi-capability-model	primary_url_confirmed	R2.12	current_r3_direct	INV-3	provenance/supply-chain-runtime.md
wasi-capability-model	primary_url_confirmed	R2.12	current_r3_direct	INV-4	provenance/supply-chain-runtime.md
wasi-capability-model	primary_url_confirmed	R2.12	current_r3_direct	INV-5	provenance/supply-chain-runtime.md
wasi-capability-model	primary_url_confirmed	R2.12	current_r3_direct	INV-6	provenance/supply-chain-runtime.md
wasi-capability-model	primary_url_confirmed	R2.12	current_r3_direct	INV-8	provenance/supply-chain-runtime.md
wasi-capability-model	primary_url_confirmed	R2.12	current_r3_direct	INV-9	provenance/supply-chain-runtime.md
wasi-capability-model	primary_url_confirmed	R2.12	current_r3_direct	INV-14	provenance/supply-chain-runtime.md
wasi-capability-model	primary_url_confirmed	R2.12	current_r3_direct	INV-18	provenance/supply-chain-runtime.md
wasi-capability-model	primary_url_confirmed	R2.12	current_r3_direct	INV-19	provenance/supply-chain-runtime.md
wasi-capability-model	primary_url_confirmed	R2.12	current_r3_direct	INV-20	provenance/supply-chain-runtime.md
wasi-capability-model	primary_url_confirmed	R2.12	current_r3_direct	INV-21	provenance/supply-chain-runtime.md
wasi-capability-model	primary_url_confirmed	R2.12	current_r3_direct	INV-22	provenance/supply-chain-runtime.md
wasi-capability-model	primary_url_confirmed	R2.12	current_r3_direct	INV-23	provenance/supply-chain-runtime.md
wasi-capability-model	primary_url_confirmed	R2.12	current_r3_direct	INV-24	provenance/supply-chain-runtime.md
wasi-capability-model	primary_url_confirmed	R2.12	current_r3_direct	INV-25	provenance/supply-chain-runtime.md
wasi-capability-model	primary_url_confirmed	R2.12	current_r3_direct	INV-26	provenance/supply-chain-runtime.md
pptagent-paper	primary_url_confirmed	F-6	current_r3_direct	M-pack.pres-brief_manifest	provenance/presentation-document-pack.md
pptagent-paper	primary_url_confirmed	F-6	current_r3_direct	M-pack.pres-outline_manifest	provenance/presentation-document-pack.md
pptagent-paper	primary_url_confirmed	F-6	current_r3_direct	M-pack.pres-source_material_manifest	provenance/presentation-document-pack.md
pptagent-paper	primary_url_confirmed	F-6	current_r3_direct	M-pack.pres-deck_doc_plan	provenance/presentation-document-pack.md
pptagent-paper	primary_url_confirmed	F-6	current_r3_direct	M-pack.pres-deck_doc_artifact_manifest	provenance/presentation-document-pack.md
pptagent-paper	primary_url_confirmed	F-6	current_r3_direct	M-pack.pres-review_session	provenance/presentation-document-pack.md
pptagent-paper	primary_url_confirmed	F-6	current_r3_direct	M-pack.pres-revision_action	provenance/presentation-document-pack.md
pptagent-paper	primary_url_confirmed	F-6	current_r3_direct	M-core-review_session_manifest	provenance/presentation-document-pack.md
pptagent-paper	primary_url_confirmed	F-6	current_r3_direct	M-core-final_package_manifest	provenance/presentation-document-pack.md
pptagent-paper	primary_url_confirmed	F-6	current_r3_direct	R3.4:lifecycle_alias_table	provenance/presentation-document-pack.md
pptagent-paper	primary_url_confirmed	Q37	current_r3_direct	M-pack.pres-brief_manifest	provenance/presentation-document-pack.md
pptagent-paper	primary_url_confirmed	Q37	current_r3_direct	M-pack.pres-outline_manifest	provenance/presentation-document-pack.md
pptagent-paper	primary_url_confirmed	Q37	current_r3_direct	M-pack.pres-source_material_manifest	provenance/presentation-document-pack.md
pptagent-paper	primary_url_confirmed	Q37	current_r3_direct	M-pack.pres-deck_doc_plan	provenance/presentation-document-pack.md
pptagent-paper	primary_url_confirmed	Q37	current_r3_direct	M-pack.pres-deck_doc_artifact_manifest	provenance/presentation-document-pack.md
pptagent-paper	primary_url_confirmed	Q37	current_r3_direct	M-pack.pres-review_session	provenance/presentation-document-pack.md
pptagent-paper	primary_url_confirmed	Q37	current_r3_direct	M-pack.pres-revision_action	provenance/presentation-document-pack.md
pptagent-paper	primary_url_confirmed	Q37	current_r3_direct	C5	provenance/presentation-document-pack.md
pptagent-paper	primary_url_confirmed	Q37	current_r3_direct	M-core-intake_manifest	provenance/presentation-document-pack.md
pptagent-paper	primary_url_confirmed	Q37	current_r3_direct	M-core-domain_plan_manifest	provenance/presentation-document-pack.md
pptagent-paper	primary_url_confirmed	Q37	current_r3_direct	M-core-domain_artifact_manifest	provenance/presentation-document-pack.md
pptagent-paper	primary_url_confirmed	Q37	current_r3_direct	M-core-review_session_manifest	provenance/presentation-document-pack.md
pptagent-paper	primary_url_confirmed	Q37	current_r3_direct	M-core-human_action_manifest	provenance/presentation-document-pack.md
pptagent-paper	primary_url_confirmed	Q37	current_r3_direct	M-core-domain_lifecycle_trace	provenance/presentation-document-pack.md
pptagent-paper	primary_url_confirmed	Q37	current_r3_direct	M-core-final_package_manifest	provenance/presentation-document-pack.md
pptagent-paper	primary_url_confirmed	Q37	current_r3_direct	M-core-handoff_manifest	provenance/presentation-document-pack.md
pptagent-paper	primary_url_confirmed	Q37	current_r3_direct	INV-9	provenance/presentation-document-pack.md
pptagent-paper	primary_url_confirmed	Q37	current_r3_direct	INV-11	provenance/presentation-document-pack.md
pptagent-paper	primary_url_confirmed	Q37	current_r3_direct	INV-12	provenance/presentation-document-pack.md
pptagent-paper	primary_url_confirmed	Q37	current_r3_direct	INV-17	provenance/presentation-document-pack.md
pptagent-repo	primary_url_confirmed	F-6	current_r3_direct	M-pack.pres-brief_manifest	provenance/presentation-document-pack.md
pptagent-repo	primary_url_confirmed	F-6	current_r3_direct	M-pack.pres-outline_manifest	provenance/presentation-document-pack.md
pptagent-repo	primary_url_confirmed	F-6	current_r3_direct	M-pack.pres-source_material_manifest	provenance/presentation-document-pack.md
pptagent-repo	primary_url_confirmed	F-6	current_r3_direct	M-pack.pres-deck_doc_plan	provenance/presentation-document-pack.md
pptagent-repo	primary_url_confirmed	F-6	current_r3_direct	M-pack.pres-deck_doc_artifact_manifest	provenance/presentation-document-pack.md
pptagent-repo	primary_url_confirmed	F-6	current_r3_direct	M-pack.pres-review_session	provenance/presentation-document-pack.md
pptagent-repo	primary_url_confirmed	F-6	current_r3_direct	M-pack.pres-revision_action	provenance/presentation-document-pack.md
pptagent-repo	primary_url_confirmed	F-6	current_r3_direct	M-core-review_session_manifest	provenance/presentation-document-pack.md
pptagent-repo	primary_url_confirmed	F-6	current_r3_direct	M-core-final_package_manifest	provenance/presentation-document-pack.md
pptagent-repo	primary_url_confirmed	F-6	current_r3_direct	R3.4:lifecycle_alias_table	provenance/presentation-document-pack.md
pptagent-repo	primary_url_confirmed	Q37	current_r3_direct	M-pack.pres-brief_manifest	provenance/presentation-document-pack.md
pptagent-repo	primary_url_confirmed	Q37	current_r3_direct	M-pack.pres-outline_manifest	provenance/presentation-document-pack.md
pptagent-repo	primary_url_confirmed	Q37	current_r3_direct	M-pack.pres-source_material_manifest	provenance/presentation-document-pack.md
pptagent-repo	primary_url_confirmed	Q37	current_r3_direct	M-pack.pres-deck_doc_plan	provenance/presentation-document-pack.md
pptagent-repo	primary_url_confirmed	Q37	current_r3_direct	M-pack.pres-deck_doc_artifact_manifest	provenance/presentation-document-pack.md
pptagent-repo	primary_url_confirmed	Q37	current_r3_direct	M-pack.pres-review_session	provenance/presentation-document-pack.md
pptagent-repo	primary_url_confirmed	Q37	current_r3_direct	M-pack.pres-revision_action	provenance/presentation-document-pack.md
pptagent-repo	primary_url_confirmed	Q37	current_r3_direct	C5	provenance/presentation-document-pack.md
pptagent-repo	primary_url_confirmed	Q37	current_r3_direct	M-core-intake_manifest	provenance/presentation-document-pack.md
pptagent-repo	primary_url_confirmed	Q37	current_r3_direct	M-core-domain_plan_manifest	provenance/presentation-document-pack.md
pptagent-repo	primary_url_confirmed	Q37	current_r3_direct	M-core-domain_artifact_manifest	provenance/presentation-document-pack.md
pptagent-repo	primary_url_confirmed	Q37	current_r3_direct	M-core-review_session_manifest	provenance/presentation-document-pack.md
pptagent-repo	primary_url_confirmed	Q37	current_r3_direct	M-core-human_action_manifest	provenance/presentation-document-pack.md
pptagent-repo	primary_url_confirmed	Q37	current_r3_direct	M-core-domain_lifecycle_trace	provenance/presentation-document-pack.md
pptagent-repo	primary_url_confirmed	Q37	current_r3_direct	M-core-final_package_manifest	provenance/presentation-document-pack.md
pptagent-repo	primary_url_confirmed	Q37	current_r3_direct	M-core-handoff_manifest	provenance/presentation-document-pack.md
pptagent-repo	primary_url_confirmed	Q37	current_r3_direct	INV-9	provenance/presentation-document-pack.md
pptagent-repo	primary_url_confirmed	Q37	current_r3_direct	INV-11	provenance/presentation-document-pack.md
pptagent-repo	primary_url_confirmed	Q37	current_r3_direct	INV-12	provenance/presentation-document-pack.md
pptagent-repo	primary_url_confirmed	Q37	current_r3_direct	INV-17	provenance/presentation-document-pack.md
presentbench-homepage	primary_url_confirmed	F-6	current_r3_direct	M-pack.pres-brief_manifest	provenance/presentation-document-pack.md
presentbench-homepage	primary_url_confirmed	F-6	current_r3_direct	M-pack.pres-outline_manifest	provenance/presentation-document-pack.md
presentbench-homepage	primary_url_confirmed	F-6	current_r3_direct	M-pack.pres-source_material_manifest	provenance/presentation-document-pack.md
presentbench-homepage	primary_url_confirmed	F-6	current_r3_direct	M-pack.pres-deck_doc_plan	provenance/presentation-document-pack.md
presentbench-homepage	primary_url_confirmed	F-6	current_r3_direct	M-pack.pres-deck_doc_artifact_manifest	provenance/presentation-document-pack.md
presentbench-homepage	primary_url_confirmed	F-6	current_r3_direct	M-pack.pres-review_session	provenance/presentation-document-pack.md
presentbench-homepage	primary_url_confirmed	F-6	current_r3_direct	M-pack.pres-revision_action	provenance/presentation-document-pack.md
presentbench-homepage	primary_url_confirmed	F-6	current_r3_direct	M-core-review_session_manifest	provenance/presentation-document-pack.md
presentbench-homepage	primary_url_confirmed	F-6	current_r3_direct	M-core-final_package_manifest	provenance/presentation-document-pack.md
presentbench-homepage	primary_url_confirmed	F-6	current_r3_direct	R3.4:lifecycle_alias_table	provenance/presentation-document-pack.md
presentbench-homepage	primary_url_confirmed	Q37	current_r3_direct	M-pack.pres-brief_manifest	provenance/presentation-document-pack.md
presentbench-homepage	primary_url_confirmed	Q37	current_r3_direct	M-pack.pres-outline_manifest	provenance/presentation-document-pack.md
presentbench-homepage	primary_url_confirmed	Q37	current_r3_direct	M-pack.pres-source_material_manifest	provenance/presentation-document-pack.md
presentbench-homepage	primary_url_confirmed	Q37	current_r3_direct	M-pack.pres-deck_doc_plan	provenance/presentation-document-pack.md
presentbench-homepage	primary_url_confirmed	Q37	current_r3_direct	M-pack.pres-deck_doc_artifact_manifest	provenance/presentation-document-pack.md
presentbench-homepage	primary_url_confirmed	Q37	current_r3_direct	M-pack.pres-review_session	provenance/presentation-document-pack.md
presentbench-homepage	primary_url_confirmed	Q37	current_r3_direct	M-pack.pres-revision_action	provenance/presentation-document-pack.md
presentbench-homepage	primary_url_confirmed	Q37	current_r3_direct	C5	provenance/presentation-document-pack.md
presentbench-homepage	primary_url_confirmed	Q37	current_r3_direct	M-core-intake_manifest	provenance/presentation-document-pack.md
presentbench-homepage	primary_url_confirmed	Q37	current_r3_direct	M-core-domain_plan_manifest	provenance/presentation-document-pack.md
presentbench-homepage	primary_url_confirmed	Q37	current_r3_direct	M-core-domain_artifact_manifest	provenance/presentation-document-pack.md
presentbench-homepage	primary_url_confirmed	Q37	current_r3_direct	M-core-review_session_manifest	provenance/presentation-document-pack.md
presentbench-homepage	primary_url_confirmed	Q37	current_r3_direct	M-core-human_action_manifest	provenance/presentation-document-pack.md
presentbench-homepage	primary_url_confirmed	Q37	current_r3_direct	M-core-domain_lifecycle_trace	provenance/presentation-document-pack.md
presentbench-homepage	primary_url_confirmed	Q37	current_r3_direct	M-core-final_package_manifest	provenance/presentation-document-pack.md
presentbench-homepage	primary_url_confirmed	Q37	current_r3_direct	M-core-handoff_manifest	provenance/presentation-document-pack.md
presentbench-homepage	primary_url_confirmed	Q37	current_r3_direct	INV-9	provenance/presentation-document-pack.md
presentbench-homepage	primary_url_confirmed	Q37	current_r3_direct	INV-11	provenance/presentation-document-pack.md
presentbench-homepage	primary_url_confirmed	Q37	current_r3_direct	INV-12	provenance/presentation-document-pack.md
presentbench-homepage	primary_url_confirmed	Q37	current_r3_direct	INV-17	provenance/presentation-document-pack.md
presentbench-repo	primary_url_confirmed	F-6	current_r3_direct	M-pack.pres-brief_manifest	provenance/presentation-document-pack.md
presentbench-repo	primary_url_confirmed	F-6	current_r3_direct	M-pack.pres-outline_manifest	provenance/presentation-document-pack.md
presentbench-repo	primary_url_confirmed	F-6	current_r3_direct	M-pack.pres-source_material_manifest	provenance/presentation-document-pack.md
presentbench-repo	primary_url_confirmed	F-6	current_r3_direct	M-pack.pres-deck_doc_plan	provenance/presentation-document-pack.md
presentbench-repo	primary_url_confirmed	F-6	current_r3_direct	M-pack.pres-deck_doc_artifact_manifest	provenance/presentation-document-pack.md
presentbench-repo	primary_url_confirmed	F-6	current_r3_direct	M-pack.pres-review_session	provenance/presentation-document-pack.md
presentbench-repo	primary_url_confirmed	F-6	current_r3_direct	M-pack.pres-revision_action	provenance/presentation-document-pack.md
presentbench-repo	primary_url_confirmed	F-6	current_r3_direct	M-core-review_session_manifest	provenance/presentation-document-pack.md
presentbench-repo	primary_url_confirmed	F-6	current_r3_direct	M-core-final_package_manifest	provenance/presentation-document-pack.md
presentbench-repo	primary_url_confirmed	F-6	current_r3_direct	R3.4:lifecycle_alias_table	provenance/presentation-document-pack.md
presentbench-repo	primary_url_confirmed	Q37	current_r3_direct	M-pack.pres-brief_manifest	provenance/presentation-document-pack.md
presentbench-repo	primary_url_confirmed	Q37	current_r3_direct	M-pack.pres-outline_manifest	provenance/presentation-document-pack.md
presentbench-repo	primary_url_confirmed	Q37	current_r3_direct	M-pack.pres-source_material_manifest	provenance/presentation-document-pack.md
presentbench-repo	primary_url_confirmed	Q37	current_r3_direct	M-pack.pres-deck_doc_plan	provenance/presentation-document-pack.md
presentbench-repo	primary_url_confirmed	Q37	current_r3_direct	M-pack.pres-deck_doc_artifact_manifest	provenance/presentation-document-pack.md
presentbench-repo	primary_url_confirmed	Q37	current_r3_direct	M-pack.pres-review_session	provenance/presentation-document-pack.md
presentbench-repo	primary_url_confirmed	Q37	current_r3_direct	M-pack.pres-revision_action	provenance/presentation-document-pack.md
presentbench-repo	primary_url_confirmed	Q37	current_r3_direct	C5	provenance/presentation-document-pack.md
presentbench-repo	primary_url_confirmed	Q37	current_r3_direct	M-core-intake_manifest	provenance/presentation-document-pack.md
presentbench-repo	primary_url_confirmed	Q37	current_r3_direct	M-core-domain_plan_manifest	provenance/presentation-document-pack.md
presentbench-repo	primary_url_confirmed	Q37	current_r3_direct	M-core-domain_artifact_manifest	provenance/presentation-document-pack.md
presentbench-repo	primary_url_confirmed	Q37	current_r3_direct	M-core-review_session_manifest	provenance/presentation-document-pack.md
presentbench-repo	primary_url_confirmed	Q37	current_r3_direct	M-core-human_action_manifest	provenance/presentation-document-pack.md
presentbench-repo	primary_url_confirmed	Q37	current_r3_direct	M-core-domain_lifecycle_trace	provenance/presentation-document-pack.md
presentbench-repo	primary_url_confirmed	Q37	current_r3_direct	M-core-final_package_manifest	provenance/presentation-document-pack.md
presentbench-repo	primary_url_confirmed	Q37	current_r3_direct	M-core-handoff_manifest	provenance/presentation-document-pack.md
presentbench-repo	primary_url_confirmed	Q37	current_r3_direct	INV-9	provenance/presentation-document-pack.md
presentbench-repo	primary_url_confirmed	Q37	current_r3_direct	INV-11	provenance/presentation-document-pack.md
presentbench-repo	primary_url_confirmed	Q37	current_r3_direct	INV-12	provenance/presentation-document-pack.md
presentbench-repo	primary_url_confirmed	Q37	current_r3_direct	INV-17	provenance/presentation-document-pack.md
slidesgen-bench-paper	primary_url_confirmed	F-6	current_r3_direct	M-pack.pres-brief_manifest	provenance/presentation-document-pack.md
slidesgen-bench-paper	primary_url_confirmed	F-6	current_r3_direct	M-pack.pres-outline_manifest	provenance/presentation-document-pack.md
slidesgen-bench-paper	primary_url_confirmed	F-6	current_r3_direct	M-pack.pres-source_material_manifest	provenance/presentation-document-pack.md
slidesgen-bench-paper	primary_url_confirmed	F-6	current_r3_direct	M-pack.pres-deck_doc_plan	provenance/presentation-document-pack.md
slidesgen-bench-paper	primary_url_confirmed	F-6	current_r3_direct	M-pack.pres-deck_doc_artifact_manifest	provenance/presentation-document-pack.md
slidesgen-bench-paper	primary_url_confirmed	F-6	current_r3_direct	M-pack.pres-review_session	provenance/presentation-document-pack.md
slidesgen-bench-paper	primary_url_confirmed	F-6	current_r3_direct	M-pack.pres-revision_action	provenance/presentation-document-pack.md
slidesgen-bench-paper	primary_url_confirmed	F-6	current_r3_direct	M-core-review_session_manifest	provenance/presentation-document-pack.md
slidesgen-bench-paper	primary_url_confirmed	F-6	current_r3_direct	M-core-final_package_manifest	provenance/presentation-document-pack.md
slidesgen-bench-paper	primary_url_confirmed	F-6	current_r3_direct	R3.4:lifecycle_alias_table	provenance/presentation-document-pack.md
slidesgen-bench-paper	primary_url_confirmed	Q37	current_r3_direct	M-pack.pres-brief_manifest	provenance/presentation-document-pack.md
slidesgen-bench-paper	primary_url_confirmed	Q37	current_r3_direct	M-pack.pres-outline_manifest	provenance/presentation-document-pack.md
slidesgen-bench-paper	primary_url_confirmed	Q37	current_r3_direct	M-pack.pres-source_material_manifest	provenance/presentation-document-pack.md
slidesgen-bench-paper	primary_url_confirmed	Q37	current_r3_direct	M-pack.pres-deck_doc_plan	provenance/presentation-document-pack.md
slidesgen-bench-paper	primary_url_confirmed	Q37	current_r3_direct	M-pack.pres-deck_doc_artifact_manifest	provenance/presentation-document-pack.md
slidesgen-bench-paper	primary_url_confirmed	Q37	current_r3_direct	M-pack.pres-review_session	provenance/presentation-document-pack.md
slidesgen-bench-paper	primary_url_confirmed	Q37	current_r3_direct	M-pack.pres-revision_action	provenance/presentation-document-pack.md
slidesgen-bench-paper	primary_url_confirmed	Q37	current_r3_direct	C5	provenance/presentation-document-pack.md
slidesgen-bench-paper	primary_url_confirmed	Q37	current_r3_direct	M-core-intake_manifest	provenance/presentation-document-pack.md
slidesgen-bench-paper	primary_url_confirmed	Q37	current_r3_direct	M-core-domain_plan_manifest	provenance/presentation-document-pack.md
slidesgen-bench-paper	primary_url_confirmed	Q37	current_r3_direct	M-core-domain_artifact_manifest	provenance/presentation-document-pack.md
slidesgen-bench-paper	primary_url_confirmed	Q37	current_r3_direct	M-core-review_session_manifest	provenance/presentation-document-pack.md
slidesgen-bench-paper	primary_url_confirmed	Q37	current_r3_direct	M-core-human_action_manifest	provenance/presentation-document-pack.md
slidesgen-bench-paper	primary_url_confirmed	Q37	current_r3_direct	M-core-domain_lifecycle_trace	provenance/presentation-document-pack.md
slidesgen-bench-paper	primary_url_confirmed	Q37	current_r3_direct	M-core-final_package_manifest	provenance/presentation-document-pack.md
slidesgen-bench-paper	primary_url_confirmed	Q37	current_r3_direct	M-core-handoff_manifest	provenance/presentation-document-pack.md
slidesgen-bench-paper	primary_url_confirmed	Q37	current_r3_direct	INV-9	provenance/presentation-document-pack.md
slidesgen-bench-paper	primary_url_confirmed	Q37	current_r3_direct	INV-11	provenance/presentation-document-pack.md
slidesgen-bench-paper	primary_url_confirmed	Q37	current_r3_direct	INV-12	provenance/presentation-document-pack.md
slidesgen-bench-paper	primary_url_confirmed	Q37	current_r3_direct	INV-17	provenance/presentation-document-pack.md
slidesgen-bench-repo	primary_url_confirmed	F-6	current_r3_direct	M-pack.pres-brief_manifest	provenance/presentation-document-pack.md
slidesgen-bench-repo	primary_url_confirmed	F-6	current_r3_direct	M-pack.pres-outline_manifest	provenance/presentation-document-pack.md
slidesgen-bench-repo	primary_url_confirmed	F-6	current_r3_direct	M-pack.pres-source_material_manifest	provenance/presentation-document-pack.md
slidesgen-bench-repo	primary_url_confirmed	F-6	current_r3_direct	M-pack.pres-deck_doc_plan	provenance/presentation-document-pack.md
slidesgen-bench-repo	primary_url_confirmed	F-6	current_r3_direct	M-pack.pres-deck_doc_artifact_manifest	provenance/presentation-document-pack.md
slidesgen-bench-repo	primary_url_confirmed	F-6	current_r3_direct	M-pack.pres-review_session	provenance/presentation-document-pack.md
slidesgen-bench-repo	primary_url_confirmed	F-6	current_r3_direct	M-pack.pres-revision_action	provenance/presentation-document-pack.md
slidesgen-bench-repo	primary_url_confirmed	F-6	current_r3_direct	M-core-review_session_manifest	provenance/presentation-document-pack.md
slidesgen-bench-repo	primary_url_confirmed	F-6	current_r3_direct	M-core-final_package_manifest	provenance/presentation-document-pack.md
slidesgen-bench-repo	primary_url_confirmed	F-6	current_r3_direct	R3.4:lifecycle_alias_table	provenance/presentation-document-pack.md
slidesgen-bench-repo	primary_url_confirmed	Q37	current_r3_direct	M-pack.pres-brief_manifest	provenance/presentation-document-pack.md
slidesgen-bench-repo	primary_url_confirmed	Q37	current_r3_direct	M-pack.pres-outline_manifest	provenance/presentation-document-pack.md
slidesgen-bench-repo	primary_url_confirmed	Q37	current_r3_direct	M-pack.pres-source_material_manifest	provenance/presentation-document-pack.md
slidesgen-bench-repo	primary_url_confirmed	Q37	current_r3_direct	M-pack.pres-deck_doc_plan	provenance/presentation-document-pack.md
slidesgen-bench-repo	primary_url_confirmed	Q37	current_r3_direct	M-pack.pres-deck_doc_artifact_manifest	provenance/presentation-document-pack.md
slidesgen-bench-repo	primary_url_confirmed	Q37	current_r3_direct	M-pack.pres-review_session	provenance/presentation-document-pack.md
slidesgen-bench-repo	primary_url_confirmed	Q37	current_r3_direct	M-pack.pres-revision_action	provenance/presentation-document-pack.md
slidesgen-bench-repo	primary_url_confirmed	Q37	current_r3_direct	C5	provenance/presentation-document-pack.md
slidesgen-bench-repo	primary_url_confirmed	Q37	current_r3_direct	M-core-intake_manifest	provenance/presentation-document-pack.md
slidesgen-bench-repo	primary_url_confirmed	Q37	current_r3_direct	M-core-domain_plan_manifest	provenance/presentation-document-pack.md
slidesgen-bench-repo	primary_url_confirmed	Q37	current_r3_direct	M-core-domain_artifact_manifest	provenance/presentation-document-pack.md
slidesgen-bench-repo	primary_url_confirmed	Q37	current_r3_direct	M-core-review_session_manifest	provenance/presentation-document-pack.md
slidesgen-bench-repo	primary_url_confirmed	Q37	current_r3_direct	M-core-human_action_manifest	provenance/presentation-document-pack.md
slidesgen-bench-repo	primary_url_confirmed	Q37	current_r3_direct	M-core-domain_lifecycle_trace	provenance/presentation-document-pack.md
slidesgen-bench-repo	primary_url_confirmed	Q37	current_r3_direct	M-core-final_package_manifest	provenance/presentation-document-pack.md
slidesgen-bench-repo	primary_url_confirmed	Q37	current_r3_direct	M-core-handoff_manifest	provenance/presentation-document-pack.md
slidesgen-bench-repo	primary_url_confirmed	Q37	current_r3_direct	INV-9	provenance/presentation-document-pack.md
slidesgen-bench-repo	primary_url_confirmed	Q37	current_r3_direct	INV-11	provenance/presentation-document-pack.md
slidesgen-bench-repo	primary_url_confirmed	Q37	current_r3_direct	INV-12	provenance/presentation-document-pack.md
slidesgen-bench-repo	primary_url_confirmed	Q37	current_r3_direct	INV-17	provenance/presentation-document-pack.md
unipptbench-paper	watch_item_primary_paper_only	F-6	current_r3_direct	M-pack.pres-brief_manifest	provenance/presentation-document-pack.md
unipptbench-paper	watch_item_primary_paper_only	F-6	current_r3_direct	M-pack.pres-outline_manifest	provenance/presentation-document-pack.md
unipptbench-paper	watch_item_primary_paper_only	F-6	current_r3_direct	M-pack.pres-source_material_manifest	provenance/presentation-document-pack.md
unipptbench-paper	watch_item_primary_paper_only	F-6	current_r3_direct	M-pack.pres-deck_doc_plan	provenance/presentation-document-pack.md
unipptbench-paper	watch_item_primary_paper_only	F-6	current_r3_direct	M-pack.pres-deck_doc_artifact_manifest	provenance/presentation-document-pack.md
unipptbench-paper	watch_item_primary_paper_only	F-6	current_r3_direct	M-pack.pres-review_session	provenance/presentation-document-pack.md
unipptbench-paper	watch_item_primary_paper_only	F-6	current_r3_direct	M-pack.pres-revision_action	provenance/presentation-document-pack.md
unipptbench-paper	watch_item_primary_paper_only	F-6	current_r3_direct	M-core-review_session_manifest	provenance/presentation-document-pack.md
unipptbench-paper	watch_item_primary_paper_only	F-6	current_r3_direct	M-core-final_package_manifest	provenance/presentation-document-pack.md
unipptbench-paper	watch_item_primary_paper_only	F-6	current_r3_direct	R3.4:lifecycle_alias_table	provenance/presentation-document-pack.md
unipptbench-paper	watch_item_primary_paper_only	Q37	current_r3_direct	M-pack.pres-brief_manifest	provenance/presentation-document-pack.md
unipptbench-paper	watch_item_primary_paper_only	Q37	current_r3_direct	M-pack.pres-outline_manifest	provenance/presentation-document-pack.md
unipptbench-paper	watch_item_primary_paper_only	Q37	current_r3_direct	M-pack.pres-source_material_manifest	provenance/presentation-document-pack.md
unipptbench-paper	watch_item_primary_paper_only	Q37	current_r3_direct	M-pack.pres-deck_doc_plan	provenance/presentation-document-pack.md
unipptbench-paper	watch_item_primary_paper_only	Q37	current_r3_direct	M-pack.pres-deck_doc_artifact_manifest	provenance/presentation-document-pack.md
unipptbench-paper	watch_item_primary_paper_only	Q37	current_r3_direct	M-pack.pres-review_session	provenance/presentation-document-pack.md
unipptbench-paper	watch_item_primary_paper_only	Q37	current_r3_direct	M-pack.pres-revision_action	provenance/presentation-document-pack.md
unipptbench-paper	watch_item_primary_paper_only	Q37	current_r3_direct	C5	provenance/presentation-document-pack.md
unipptbench-paper	watch_item_primary_paper_only	Q37	current_r3_direct	M-core-intake_manifest	provenance/presentation-document-pack.md
unipptbench-paper	watch_item_primary_paper_only	Q37	current_r3_direct	M-core-domain_plan_manifest	provenance/presentation-document-pack.md
unipptbench-paper	watch_item_primary_paper_only	Q37	current_r3_direct	M-core-domain_artifact_manifest	provenance/presentation-document-pack.md
unipptbench-paper	watch_item_primary_paper_only	Q37	current_r3_direct	M-core-review_session_manifest	provenance/presentation-document-pack.md
unipptbench-paper	watch_item_primary_paper_only	Q37	current_r3_direct	M-core-human_action_manifest	provenance/presentation-document-pack.md
unipptbench-paper	watch_item_primary_paper_only	Q37	current_r3_direct	M-core-domain_lifecycle_trace	provenance/presentation-document-pack.md
unipptbench-paper	watch_item_primary_paper_only	Q37	current_r3_direct	M-core-final_package_manifest	provenance/presentation-document-pack.md
unipptbench-paper	watch_item_primary_paper_only	Q37	current_r3_direct	M-core-handoff_manifest	provenance/presentation-document-pack.md
unipptbench-paper	watch_item_primary_paper_only	Q37	current_r3_direct	INV-9	provenance/presentation-document-pack.md
unipptbench-paper	watch_item_primary_paper_only	Q37	current_r3_direct	INV-11	provenance/presentation-document-pack.md
unipptbench-paper	watch_item_primary_paper_only	Q37	current_r3_direct	INV-12	provenance/presentation-document-pack.md
unipptbench-paper	watch_item_primary_paper_only	Q37	current_r3_direct	INV-17	provenance/presentation-document-pack.md
python-pptx-docs	primary_url_confirmed	F-6	current_r3_direct	M-pack.pres-brief_manifest	provenance/presentation-document-pack.md
python-pptx-docs	primary_url_confirmed	F-6	current_r3_direct	M-pack.pres-outline_manifest	provenance/presentation-document-pack.md
python-pptx-docs	primary_url_confirmed	F-6	current_r3_direct	M-pack.pres-source_material_manifest	provenance/presentation-document-pack.md
python-pptx-docs	primary_url_confirmed	F-6	current_r3_direct	M-pack.pres-deck_doc_plan	provenance/presentation-document-pack.md
python-pptx-docs	primary_url_confirmed	F-6	current_r3_direct	M-pack.pres-deck_doc_artifact_manifest	provenance/presentation-document-pack.md
python-pptx-docs	primary_url_confirmed	F-6	current_r3_direct	M-pack.pres-review_session	provenance/presentation-document-pack.md
python-pptx-docs	primary_url_confirmed	F-6	current_r3_direct	M-pack.pres-revision_action	provenance/presentation-document-pack.md
python-pptx-docs	primary_url_confirmed	F-6	current_r3_direct	M-core-review_session_manifest	provenance/presentation-document-pack.md
python-pptx-docs	primary_url_confirmed	F-6	current_r3_direct	M-core-final_package_manifest	provenance/presentation-document-pack.md
python-pptx-docs	primary_url_confirmed	F-6	current_r3_direct	R3.4:lifecycle_alias_table	provenance/presentation-document-pack.md
python-pptx-docs	primary_url_confirmed	Q37	current_r3_direct	M-pack.pres-brief_manifest	provenance/presentation-document-pack.md
python-pptx-docs	primary_url_confirmed	Q37	current_r3_direct	M-pack.pres-outline_manifest	provenance/presentation-document-pack.md
python-pptx-docs	primary_url_confirmed	Q37	current_r3_direct	M-pack.pres-source_material_manifest	provenance/presentation-document-pack.md
python-pptx-docs	primary_url_confirmed	Q37	current_r3_direct	M-pack.pres-deck_doc_plan	provenance/presentation-document-pack.md
python-pptx-docs	primary_url_confirmed	Q37	current_r3_direct	M-pack.pres-deck_doc_artifact_manifest	provenance/presentation-document-pack.md
python-pptx-docs	primary_url_confirmed	Q37	current_r3_direct	M-pack.pres-review_session	provenance/presentation-document-pack.md
python-pptx-docs	primary_url_confirmed	Q37	current_r3_direct	M-pack.pres-revision_action	provenance/presentation-document-pack.md
python-pptx-docs	primary_url_confirmed	Q37	current_r3_direct	C5	provenance/presentation-document-pack.md
python-pptx-docs	primary_url_confirmed	Q37	current_r3_direct	M-core-intake_manifest	provenance/presentation-document-pack.md
python-pptx-docs	primary_url_confirmed	Q37	current_r3_direct	M-core-domain_plan_manifest	provenance/presentation-document-pack.md
python-pptx-docs	primary_url_confirmed	Q37	current_r3_direct	M-core-domain_artifact_manifest	provenance/presentation-document-pack.md
python-pptx-docs	primary_url_confirmed	Q37	current_r3_direct	M-core-review_session_manifest	provenance/presentation-document-pack.md
python-pptx-docs	primary_url_confirmed	Q37	current_r3_direct	M-core-human_action_manifest	provenance/presentation-document-pack.md
python-pptx-docs	primary_url_confirmed	Q37	current_r3_direct	M-core-domain_lifecycle_trace	provenance/presentation-document-pack.md
python-pptx-docs	primary_url_confirmed	Q37	current_r3_direct	M-core-final_package_manifest	provenance/presentation-document-pack.md
python-pptx-docs	primary_url_confirmed	Q37	current_r3_direct	M-core-handoff_manifest	provenance/presentation-document-pack.md
python-pptx-docs	primary_url_confirmed	Q37	current_r3_direct	INV-9	provenance/presentation-document-pack.md
python-pptx-docs	primary_url_confirmed	Q37	current_r3_direct	INV-11	provenance/presentation-document-pack.md
python-pptx-docs	primary_url_confirmed	Q37	current_r3_direct	INV-12	provenance/presentation-document-pack.md
python-pptx-docs	primary_url_confirmed	Q37	current_r3_direct	INV-17	provenance/presentation-document-pack.md
python-pptx-repo	primary_fallback_confirmed	F-6	current_r3_direct	M-pack.pres-brief_manifest	provenance/presentation-document-pack.md
python-pptx-repo	primary_fallback_confirmed	F-6	current_r3_direct	M-pack.pres-outline_manifest	provenance/presentation-document-pack.md
python-pptx-repo	primary_fallback_confirmed	F-6	current_r3_direct	M-pack.pres-source_material_manifest	provenance/presentation-document-pack.md
python-pptx-repo	primary_fallback_confirmed	F-6	current_r3_direct	M-pack.pres-deck_doc_plan	provenance/presentation-document-pack.md
python-pptx-repo	primary_fallback_confirmed	F-6	current_r3_direct	M-pack.pres-deck_doc_artifact_manifest	provenance/presentation-document-pack.md
python-pptx-repo	primary_fallback_confirmed	F-6	current_r3_direct	M-pack.pres-review_session	provenance/presentation-document-pack.md
python-pptx-repo	primary_fallback_confirmed	F-6	current_r3_direct	M-pack.pres-revision_action	provenance/presentation-document-pack.md
python-pptx-repo	primary_fallback_confirmed	F-6	current_r3_direct	M-core-review_session_manifest	provenance/presentation-document-pack.md
python-pptx-repo	primary_fallback_confirmed	F-6	current_r3_direct	M-core-final_package_manifest	provenance/presentation-document-pack.md
python-pptx-repo	primary_fallback_confirmed	F-6	current_r3_direct	R3.4:lifecycle_alias_table	provenance/presentation-document-pack.md
python-pptx-repo	primary_fallback_confirmed	Q37	current_r3_direct	M-pack.pres-brief_manifest	provenance/presentation-document-pack.md
python-pptx-repo	primary_fallback_confirmed	Q37	current_r3_direct	M-pack.pres-outline_manifest	provenance/presentation-document-pack.md
python-pptx-repo	primary_fallback_confirmed	Q37	current_r3_direct	M-pack.pres-source_material_manifest	provenance/presentation-document-pack.md
python-pptx-repo	primary_fallback_confirmed	Q37	current_r3_direct	M-pack.pres-deck_doc_plan	provenance/presentation-document-pack.md
python-pptx-repo	primary_fallback_confirmed	Q37	current_r3_direct	M-pack.pres-deck_doc_artifact_manifest	provenance/presentation-document-pack.md
python-pptx-repo	primary_fallback_confirmed	Q37	current_r3_direct	M-pack.pres-review_session	provenance/presentation-document-pack.md
python-pptx-repo	primary_fallback_confirmed	Q37	current_r3_direct	M-pack.pres-revision_action	provenance/presentation-document-pack.md
python-pptx-repo	primary_fallback_confirmed	Q37	current_r3_direct	C5	provenance/presentation-document-pack.md
python-pptx-repo	primary_fallback_confirmed	Q37	current_r3_direct	M-core-intake_manifest	provenance/presentation-document-pack.md
python-pptx-repo	primary_fallback_confirmed	Q37	current_r3_direct	M-core-domain_plan_manifest	provenance/presentation-document-pack.md
python-pptx-repo	primary_fallback_confirmed	Q37	current_r3_direct	M-core-domain_artifact_manifest	provenance/presentation-document-pack.md
python-pptx-repo	primary_fallback_confirmed	Q37	current_r3_direct	M-core-review_session_manifest	provenance/presentation-document-pack.md
python-pptx-repo	primary_fallback_confirmed	Q37	current_r3_direct	M-core-human_action_manifest	provenance/presentation-document-pack.md
python-pptx-repo	primary_fallback_confirmed	Q37	current_r3_direct	M-core-domain_lifecycle_trace	provenance/presentation-document-pack.md
python-pptx-repo	primary_fallback_confirmed	Q37	current_r3_direct	M-core-final_package_manifest	provenance/presentation-document-pack.md
python-pptx-repo	primary_fallback_confirmed	Q37	current_r3_direct	M-core-handoff_manifest	provenance/presentation-document-pack.md
python-pptx-repo	primary_fallback_confirmed	Q37	current_r3_direct	INV-9	provenance/presentation-document-pack.md
python-pptx-repo	primary_fallback_confirmed	Q37	current_r3_direct	INV-11	provenance/presentation-document-pack.md
python-pptx-repo	primary_fallback_confirmed	Q37	current_r3_direct	INV-12	provenance/presentation-document-pack.md
python-pptx-repo	primary_fallback_confirmed	Q37	current_r3_direct	INV-17	provenance/presentation-document-pack.md
pptxgenjs-docs	primary_url_confirmed	F-6	current_r3_direct	M-pack.pres-brief_manifest	provenance/presentation-document-pack.md
pptxgenjs-docs	primary_url_confirmed	F-6	current_r3_direct	M-pack.pres-outline_manifest	provenance/presentation-document-pack.md
pptxgenjs-docs	primary_url_confirmed	F-6	current_r3_direct	M-pack.pres-source_material_manifest	provenance/presentation-document-pack.md
pptxgenjs-docs	primary_url_confirmed	F-6	current_r3_direct	M-pack.pres-deck_doc_plan	provenance/presentation-document-pack.md
pptxgenjs-docs	primary_url_confirmed	F-6	current_r3_direct	M-pack.pres-deck_doc_artifact_manifest	provenance/presentation-document-pack.md
pptxgenjs-docs	primary_url_confirmed	F-6	current_r3_direct	M-pack.pres-review_session	provenance/presentation-document-pack.md
pptxgenjs-docs	primary_url_confirmed	F-6	current_r3_direct	M-pack.pres-revision_action	provenance/presentation-document-pack.md
pptxgenjs-docs	primary_url_confirmed	F-6	current_r3_direct	M-core-review_session_manifest	provenance/presentation-document-pack.md
pptxgenjs-docs	primary_url_confirmed	F-6	current_r3_direct	M-core-final_package_manifest	provenance/presentation-document-pack.md
pptxgenjs-docs	primary_url_confirmed	F-6	current_r3_direct	R3.4:lifecycle_alias_table	provenance/presentation-document-pack.md
pptxgenjs-docs	primary_url_confirmed	Q37	current_r3_direct	M-pack.pres-brief_manifest	provenance/presentation-document-pack.md
pptxgenjs-docs	primary_url_confirmed	Q37	current_r3_direct	M-pack.pres-outline_manifest	provenance/presentation-document-pack.md
pptxgenjs-docs	primary_url_confirmed	Q37	current_r3_direct	M-pack.pres-source_material_manifest	provenance/presentation-document-pack.md
pptxgenjs-docs	primary_url_confirmed	Q37	current_r3_direct	M-pack.pres-deck_doc_plan	provenance/presentation-document-pack.md
pptxgenjs-docs	primary_url_confirmed	Q37	current_r3_direct	M-pack.pres-deck_doc_artifact_manifest	provenance/presentation-document-pack.md
pptxgenjs-docs	primary_url_confirmed	Q37	current_r3_direct	M-pack.pres-review_session	provenance/presentation-document-pack.md
pptxgenjs-docs	primary_url_confirmed	Q37	current_r3_direct	M-pack.pres-revision_action	provenance/presentation-document-pack.md
pptxgenjs-docs	primary_url_confirmed	Q37	current_r3_direct	C5	provenance/presentation-document-pack.md
pptxgenjs-docs	primary_url_confirmed	Q37	current_r3_direct	M-core-intake_manifest	provenance/presentation-document-pack.md
pptxgenjs-docs	primary_url_confirmed	Q37	current_r3_direct	M-core-domain_plan_manifest	provenance/presentation-document-pack.md
pptxgenjs-docs	primary_url_confirmed	Q37	current_r3_direct	M-core-domain_artifact_manifest	provenance/presentation-document-pack.md
pptxgenjs-docs	primary_url_confirmed	Q37	current_r3_direct	M-core-review_session_manifest	provenance/presentation-document-pack.md
pptxgenjs-docs	primary_url_confirmed	Q37	current_r3_direct	M-core-human_action_manifest	provenance/presentation-document-pack.md
pptxgenjs-docs	primary_url_confirmed	Q37	current_r3_direct	M-core-domain_lifecycle_trace	provenance/presentation-document-pack.md
pptxgenjs-docs	primary_url_confirmed	Q37	current_r3_direct	M-core-final_package_manifest	provenance/presentation-document-pack.md
pptxgenjs-docs	primary_url_confirmed	Q37	current_r3_direct	M-core-handoff_manifest	provenance/presentation-document-pack.md
pptxgenjs-docs	primary_url_confirmed	Q37	current_r3_direct	INV-9	provenance/presentation-document-pack.md
pptxgenjs-docs	primary_url_confirmed	Q37	current_r3_direct	INV-11	provenance/presentation-document-pack.md
pptxgenjs-docs	primary_url_confirmed	Q37	current_r3_direct	INV-12	provenance/presentation-document-pack.md
pptxgenjs-docs	primary_url_confirmed	Q37	current_r3_direct	INV-17	provenance/presentation-document-pack.md
python-docx-docs	primary_url_confirmed	F-6	current_r3_direct	M-pack.pres-brief_manifest	provenance/presentation-document-pack.md
python-docx-docs	primary_url_confirmed	F-6	current_r3_direct	M-pack.pres-outline_manifest	provenance/presentation-document-pack.md
python-docx-docs	primary_url_confirmed	F-6	current_r3_direct	M-pack.pres-source_material_manifest	provenance/presentation-document-pack.md
python-docx-docs	primary_url_confirmed	F-6	current_r3_direct	M-pack.pres-deck_doc_plan	provenance/presentation-document-pack.md
python-docx-docs	primary_url_confirmed	F-6	current_r3_direct	M-pack.pres-deck_doc_artifact_manifest	provenance/presentation-document-pack.md
python-docx-docs	primary_url_confirmed	F-6	current_r3_direct	M-pack.pres-review_session	provenance/presentation-document-pack.md
python-docx-docs	primary_url_confirmed	F-6	current_r3_direct	M-pack.pres-revision_action	provenance/presentation-document-pack.md
python-docx-docs	primary_url_confirmed	F-6	current_r3_direct	M-core-review_session_manifest	provenance/presentation-document-pack.md
python-docx-docs	primary_url_confirmed	F-6	current_r3_direct	M-core-final_package_manifest	provenance/presentation-document-pack.md
python-docx-docs	primary_url_confirmed	F-6	current_r3_direct	R3.4:lifecycle_alias_table	provenance/presentation-document-pack.md
python-docx-docs	primary_url_confirmed	Q37	current_r3_direct	M-pack.pres-brief_manifest	provenance/presentation-document-pack.md
python-docx-docs	primary_url_confirmed	Q37	current_r3_direct	M-pack.pres-outline_manifest	provenance/presentation-document-pack.md
python-docx-docs	primary_url_confirmed	Q37	current_r3_direct	M-pack.pres-source_material_manifest	provenance/presentation-document-pack.md
python-docx-docs	primary_url_confirmed	Q37	current_r3_direct	M-pack.pres-deck_doc_plan	provenance/presentation-document-pack.md
python-docx-docs	primary_url_confirmed	Q37	current_r3_direct	M-pack.pres-deck_doc_artifact_manifest	provenance/presentation-document-pack.md
python-docx-docs	primary_url_confirmed	Q37	current_r3_direct	M-pack.pres-review_session	provenance/presentation-document-pack.md
python-docx-docs	primary_url_confirmed	Q37	current_r3_direct	M-pack.pres-revision_action	provenance/presentation-document-pack.md
python-docx-docs	primary_url_confirmed	Q37	current_r3_direct	C5	provenance/presentation-document-pack.md
python-docx-docs	primary_url_confirmed	Q37	current_r3_direct	M-core-intake_manifest	provenance/presentation-document-pack.md
python-docx-docs	primary_url_confirmed	Q37	current_r3_direct	M-core-domain_plan_manifest	provenance/presentation-document-pack.md
python-docx-docs	primary_url_confirmed	Q37	current_r3_direct	M-core-domain_artifact_manifest	provenance/presentation-document-pack.md
python-docx-docs	primary_url_confirmed	Q37	current_r3_direct	M-core-review_session_manifest	provenance/presentation-document-pack.md
python-docx-docs	primary_url_confirmed	Q37	current_r3_direct	M-core-human_action_manifest	provenance/presentation-document-pack.md
python-docx-docs	primary_url_confirmed	Q37	current_r3_direct	M-core-domain_lifecycle_trace	provenance/presentation-document-pack.md
python-docx-docs	primary_url_confirmed	Q37	current_r3_direct	M-core-final_package_manifest	provenance/presentation-document-pack.md
python-docx-docs	primary_url_confirmed	Q37	current_r3_direct	M-core-handoff_manifest	provenance/presentation-document-pack.md
python-docx-docs	primary_url_confirmed	Q37	current_r3_direct	INV-9	provenance/presentation-document-pack.md
python-docx-docs	primary_url_confirmed	Q37	current_r3_direct	INV-11	provenance/presentation-document-pack.md
python-docx-docs	primary_url_confirmed	Q37	current_r3_direct	INV-12	provenance/presentation-document-pack.md
python-docx-docs	primary_url_confirmed	Q37	current_r3_direct	INV-17	provenance/presentation-document-pack.md
openxml-sdk-docs	primary_url_confirmed	F-6	current_r3_direct	M-pack.pres-brief_manifest	provenance/presentation-document-pack.md
openxml-sdk-docs	primary_url_confirmed	F-6	current_r3_direct	M-pack.pres-outline_manifest	provenance/presentation-document-pack.md
openxml-sdk-docs	primary_url_confirmed	F-6	current_r3_direct	M-pack.pres-source_material_manifest	provenance/presentation-document-pack.md
openxml-sdk-docs	primary_url_confirmed	F-6	current_r3_direct	M-pack.pres-deck_doc_plan	provenance/presentation-document-pack.md
openxml-sdk-docs	primary_url_confirmed	F-6	current_r3_direct	M-pack.pres-deck_doc_artifact_manifest	provenance/presentation-document-pack.md
openxml-sdk-docs	primary_url_confirmed	F-6	current_r3_direct	M-pack.pres-review_session	provenance/presentation-document-pack.md
openxml-sdk-docs	primary_url_confirmed	F-6	current_r3_direct	M-pack.pres-revision_action	provenance/presentation-document-pack.md
openxml-sdk-docs	primary_url_confirmed	F-6	current_r3_direct	M-core-review_session_manifest	provenance/presentation-document-pack.md
openxml-sdk-docs	primary_url_confirmed	F-6	current_r3_direct	M-core-final_package_manifest	provenance/presentation-document-pack.md
openxml-sdk-docs	primary_url_confirmed	F-6	current_r3_direct	R3.4:lifecycle_alias_table	provenance/presentation-document-pack.md
openxml-sdk-docs	primary_url_confirmed	Q37	current_r3_direct	M-pack.pres-brief_manifest	provenance/presentation-document-pack.md
openxml-sdk-docs	primary_url_confirmed	Q37	current_r3_direct	M-pack.pres-outline_manifest	provenance/presentation-document-pack.md
openxml-sdk-docs	primary_url_confirmed	Q37	current_r3_direct	M-pack.pres-source_material_manifest	provenance/presentation-document-pack.md
openxml-sdk-docs	primary_url_confirmed	Q37	current_r3_direct	M-pack.pres-deck_doc_plan	provenance/presentation-document-pack.md
openxml-sdk-docs	primary_url_confirmed	Q37	current_r3_direct	M-pack.pres-deck_doc_artifact_manifest	provenance/presentation-document-pack.md
openxml-sdk-docs	primary_url_confirmed	Q37	current_r3_direct	M-pack.pres-review_session	provenance/presentation-document-pack.md
openxml-sdk-docs	primary_url_confirmed	Q37	current_r3_direct	M-pack.pres-revision_action	provenance/presentation-document-pack.md
openxml-sdk-docs	primary_url_confirmed	Q37	current_r3_direct	C5	provenance/presentation-document-pack.md
openxml-sdk-docs	primary_url_confirmed	Q37	current_r3_direct	M-core-intake_manifest	provenance/presentation-document-pack.md
openxml-sdk-docs	primary_url_confirmed	Q37	current_r3_direct	M-core-domain_plan_manifest	provenance/presentation-document-pack.md
openxml-sdk-docs	primary_url_confirmed	Q37	current_r3_direct	M-core-domain_artifact_manifest	provenance/presentation-document-pack.md
openxml-sdk-docs	primary_url_confirmed	Q37	current_r3_direct	M-core-review_session_manifest	provenance/presentation-document-pack.md
openxml-sdk-docs	primary_url_confirmed	Q37	current_r3_direct	M-core-human_action_manifest	provenance/presentation-document-pack.md
openxml-sdk-docs	primary_url_confirmed	Q37	current_r3_direct	M-core-domain_lifecycle_trace	provenance/presentation-document-pack.md
openxml-sdk-docs	primary_url_confirmed	Q37	current_r3_direct	M-core-final_package_manifest	provenance/presentation-document-pack.md
openxml-sdk-docs	primary_url_confirmed	Q37	current_r3_direct	M-core-handoff_manifest	provenance/presentation-document-pack.md
openxml-sdk-docs	primary_url_confirmed	Q37	current_r3_direct	INV-9	provenance/presentation-document-pack.md
openxml-sdk-docs	primary_url_confirmed	Q37	current_r3_direct	INV-11	provenance/presentation-document-pack.md
openxml-sdk-docs	primary_url_confirmed	Q37	current_r3_direct	INV-12	provenance/presentation-document-pack.md
openxml-sdk-docs	primary_url_confirmed	Q37	current_r3_direct	INV-17	provenance/presentation-document-pack.md
dataagentbench-homepage	downgraded_future_context	future_context	optional_context_not_current_r3		provenance/optional-downgrades.md
openai-image-guide	optional_context	F-12_optional_provider_profile	current_r3_direct	M-core-credential_profile	provenance/optional-downgrades.md
openai-image-guide	optional_context	F-12_optional_provider_profile	current_r3_direct	M-core-llm_call_manifest	provenance/optional-downgrades.md
openai-image-guide	optional_context	F-12_optional_provider_profile	current_r3_direct	M-sec-spend_ledger	provenance/optional-downgrades.md
openai-image-guide	optional_context	F-12_optional_provider_profile	current_r3_direct	INV-5	provenance/optional-downgrades.md
openai-image-guide	optional_context	F-12_optional_provider_profile	current_r3_direct	INV-20	provenance/optional-downgrades.md
openai-image-guide	optional_context	F-12_optional_provider_profile	current_r3_direct	INV-25	provenance/optional-downgrades.md
adobe-firefly	optional_context	optional_asset_context	optional_context_not_current_r3		provenance/optional-downgrades.md
midjourney-homepage	downgraded_future_context	future_asset_context	optional_context_not_current_r3		provenance/optional-downgrades.md
spdx-3-0-1-pdf	saved_pdf	F-13	current_r3_direct	C6	provenance/cyclonedx-spdx.md
spdx-3-0-1-pdf	saved_pdf	F-13	current_r3_direct	M-sec-aibom_manifest	provenance/cyclonedx-spdx.md
spdx-3-0-1-pdf	saved_pdf	F-13	current_r3_direct	M-sec-supply_chain_attestation	provenance/cyclonedx-spdx.md
spdx-3-0-1-pdf	saved_pdf	F-13	current_r3_direct	INV-14	provenance/cyclonedx-spdx.md
spdx-3-0-1-pdf	saved_pdf	F-13	current_r3_direct	INV-24	provenance/cyclonedx-spdx.md
spdx-3-0-1-pdf	saved_pdf	R2.10	current_r3_direct	C6	provenance/cyclonedx-spdx.md
spdx-3-0-1-pdf	saved_pdf	R2.10	current_r3_direct	M-core-security_inventory	provenance/cyclonedx-spdx.md
spdx-3-0-1-pdf	saved_pdf	R2.10	current_r3_direct	M-sec-supply_chain_attestation	provenance/cyclonedx-spdx.md
spdx-3-0-1-pdf	saved_pdf	R2.10	current_r3_direct	M-sec-aibom_manifest	provenance/cyclonedx-spdx.md
spdx-3-0-1-pdf	saved_pdf	R2.10	current_r3_direct	M-core-trace_manifest	provenance/cyclonedx-spdx.md
spdx-3-0-1-pdf	saved_pdf	R2.10	current_r3_direct	INV-14	provenance/cyclonedx-spdx.md
spdx-3-0-1-pdf	saved_pdf	R2.10	current_r3_direct	INV-24	provenance/cyclonedx-spdx.md
spdx-3-0-1-pdf	saved_pdf	R2.12	current_r3_direct	C6	provenance/cyclonedx-spdx.md
spdx-3-0-1-pdf	saved_pdf	R2.12	current_r3_direct	C7	provenance/cyclonedx-spdx.md
spdx-3-0-1-pdf	saved_pdf	R2.12	current_r3_direct	M-core-security_inventory	provenance/cyclonedx-spdx.md
spdx-3-0-1-pdf	saved_pdf	R2.12	current_r3_direct	M-sec-taint_map	provenance/cyclonedx-spdx.md
spdx-3-0-1-pdf	saved_pdf	R2.12	current_r3_direct	M-sec-worker_sandbox_policy	provenance/cyclonedx-spdx.md
spdx-3-0-1-pdf	saved_pdf	R2.12	current_r3_direct	M-sec-spend_ledger	provenance/cyclonedx-spdx.md
spdx-3-0-1-pdf	saved_pdf	R2.12	current_r3_direct	M-sec-local_ui_policy	provenance/cyclonedx-spdx.md
spdx-3-0-1-pdf	saved_pdf	R2.12	current_r3_direct	M-sec-supply_chain_attestation	provenance/cyclonedx-spdx.md
spdx-3-0-1-pdf	saved_pdf	R2.12	current_r3_direct	M-sec-aibom_manifest	provenance/cyclonedx-spdx.md
spdx-3-0-1-pdf	saved_pdf	R2.12	current_r3_direct	M-proto-mcp_adapter_manifest	provenance/cyclonedx-spdx.md
spdx-3-0-1-pdf	saved_pdf	R2.12	current_r3_direct	M-proto-mcp_tool_inventory	provenance/cyclonedx-spdx.md
spdx-3-0-1-pdf	saved_pdf	R2.12	current_r3_direct	M-proto-a2a_peer_manifest	provenance/cyclonedx-spdx.md
spdx-3-0-1-pdf	saved_pdf	R2.12	current_r3_direct	INV-1	provenance/cyclonedx-spdx.md
spdx-3-0-1-pdf	saved_pdf	R2.12	current_r3_direct	INV-3	provenance/cyclonedx-spdx.md
spdx-3-0-1-pdf	saved_pdf	R2.12	current_r3_direct	INV-4	provenance/cyclonedx-spdx.md
spdx-3-0-1-pdf	saved_pdf	R2.12	current_r3_direct	INV-5	provenance/cyclonedx-spdx.md
spdx-3-0-1-pdf	saved_pdf	R2.12	current_r3_direct	INV-6	provenance/cyclonedx-spdx.md
spdx-3-0-1-pdf	saved_pdf	R2.12	current_r3_direct	INV-8	provenance/cyclonedx-spdx.md
spdx-3-0-1-pdf	saved_pdf	R2.12	current_r3_direct	INV-9	provenance/cyclonedx-spdx.md
spdx-3-0-1-pdf	saved_pdf	R2.12	current_r3_direct	INV-14	provenance/cyclonedx-spdx.md
spdx-3-0-1-pdf	saved_pdf	R2.12	current_r3_direct	INV-18	provenance/cyclonedx-spdx.md
spdx-3-0-1-pdf	saved_pdf	R2.12	current_r3_direct	INV-19	provenance/cyclonedx-spdx.md
spdx-3-0-1-pdf	saved_pdf	R2.12	current_r3_direct	INV-20	provenance/cyclonedx-spdx.md
spdx-3-0-1-pdf	saved_pdf	R2.12	current_r3_direct	INV-21	provenance/cyclonedx-spdx.md
spdx-3-0-1-pdf	saved_pdf	R2.12	current_r3_direct	INV-22	provenance/cyclonedx-spdx.md
spdx-3-0-1-pdf	saved_pdf	R2.12	current_r3_direct	INV-23	provenance/cyclonedx-spdx.md
spdx-3-0-1-pdf	saved_pdf	R2.12	current_r3_direct	INV-24	provenance/cyclonedx-spdx.md
spdx-3-0-1-pdf	saved_pdf	R2.12	current_r3_direct	INV-25	provenance/cyclonedx-spdx.md
spdx-3-0-1-pdf	saved_pdf	R2.12	current_r3_direct	INV-26	provenance/cyclonedx-spdx.md
openai-codex-skills	primary_url_confirmed	F-1	current_r3_direct	C1	provenance/protocol-runtime.md
openai-codex-skills	primary_url_confirmed	F-1	current_r3_direct	E-core-harness	provenance/protocol-runtime.md
openai-codex-skills	primary_url_confirmed	F-1	current_r3_direct	M-core-architecture_manifest	provenance/protocol-runtime.md
openai-codex-skills	primary_url_confirmed	F-1	current_r3_direct	INV-0	provenance/protocol-runtime.md
openai-codex-skills	primary_url_confirmed	R2.10	current_r3_direct	C6	provenance/protocol-runtime.md
openai-codex-skills	primary_url_confirmed	R2.10	current_r3_direct	M-core-security_inventory	provenance/protocol-runtime.md
openai-codex-skills	primary_url_confirmed	R2.10	current_r3_direct	M-sec-supply_chain_attestation	provenance/protocol-runtime.md
openai-codex-skills	primary_url_confirmed	R2.10	current_r3_direct	M-sec-aibom_manifest	provenance/protocol-runtime.md
openai-codex-skills	primary_url_confirmed	R2.10	current_r3_direct	M-core-trace_manifest	provenance/protocol-runtime.md
openai-codex-skills	primary_url_confirmed	R2.10	current_r3_direct	INV-14	provenance/protocol-runtime.md
openai-codex-skills	primary_url_confirmed	R2.10	current_r3_direct	INV-24	provenance/protocol-runtime.md
openai-tools-skills-api	primary_url_confirmed	F-1	current_r3_direct	C1	provenance/protocol-runtime.md
openai-tools-skills-api	primary_url_confirmed	F-1	current_r3_direct	E-core-harness	provenance/protocol-runtime.md
openai-tools-skills-api	primary_url_confirmed	F-1	current_r3_direct	M-core-architecture_manifest	provenance/protocol-runtime.md
openai-tools-skills-api	primary_url_confirmed	F-1	current_r3_direct	INV-0	provenance/protocol-runtime.md
openai-tools-skills-api	primary_url_confirmed	R2.10	current_r3_direct	C6	provenance/protocol-runtime.md
openai-tools-skills-api	primary_url_confirmed	R2.10	current_r3_direct	M-core-security_inventory	provenance/protocol-runtime.md
openai-tools-skills-api	primary_url_confirmed	R2.10	current_r3_direct	M-sec-supply_chain_attestation	provenance/protocol-runtime.md
openai-tools-skills-api	primary_url_confirmed	R2.10	current_r3_direct	M-sec-aibom_manifest	provenance/protocol-runtime.md
openai-tools-skills-api	primary_url_confirmed	R2.10	current_r3_direct	M-core-trace_manifest	provenance/protocol-runtime.md
openai-tools-skills-api	primary_url_confirmed	R2.10	current_r3_direct	INV-14	provenance/protocol-runtime.md
openai-tools-skills-api	primary_url_confirmed	R2.10	current_r3_direct	INV-24	provenance/protocol-runtime.md
openai-skills-api-cookbook	primary_url_confirmed	F-1	current_r3_direct	C1	provenance/protocol-runtime.md
openai-skills-api-cookbook	primary_url_confirmed	F-1	current_r3_direct	E-core-harness	provenance/protocol-runtime.md
openai-skills-api-cookbook	primary_url_confirmed	F-1	current_r3_direct	M-core-architecture_manifest	provenance/protocol-runtime.md
openai-skills-api-cookbook	primary_url_confirmed	F-1	current_r3_direct	INV-0	provenance/protocol-runtime.md
openai-skills-api-cookbook	primary_url_confirmed	R2.10	current_r3_direct	C6	provenance/protocol-runtime.md
openai-skills-api-cookbook	primary_url_confirmed	R2.10	current_r3_direct	M-core-security_inventory	provenance/protocol-runtime.md
openai-skills-api-cookbook	primary_url_confirmed	R2.10	current_r3_direct	M-sec-supply_chain_attestation	provenance/protocol-runtime.md
openai-skills-api-cookbook	primary_url_confirmed	R2.10	current_r3_direct	M-sec-aibom_manifest	provenance/protocol-runtime.md
openai-skills-api-cookbook	primary_url_confirmed	R2.10	current_r3_direct	M-core-trace_manifest	provenance/protocol-runtime.md
openai-skills-api-cookbook	primary_url_confirmed	R2.10	current_r3_direct	INV-14	provenance/protocol-runtime.md
openai-skills-api-cookbook	primary_url_confirmed	R2.10	current_r3_direct	INV-24	provenance/protocol-runtime.md
ag-ui-events	primary_url_confirmed	F-2	current_r3_direct	C5	provenance/protocol-runtime.md
ag-ui-events	primary_url_confirmed	F-2	current_r3_direct	C7	provenance/protocol-runtime.md
ag-ui-events	primary_url_confirmed	F-2	current_r3_direct	E-proto-agui_event_surface	provenance/protocol-runtime.md
ag-ui-events	primary_url_confirmed	F-2	current_r3_direct	M-proto-agui_event_manifest	provenance/protocol-runtime.md
ag-ui-events	primary_url_confirmed	F-2	current_r3_direct	M-core-ui_session	provenance/protocol-runtime.md
ag-ui-events	primary_url_confirmed	F-2	current_r3_direct	R3-PROTO:AG-UI	provenance/protocol-runtime.md
ag-ui-events	primary_url_confirmed	F-2	current_r3_direct	INV-21	provenance/protocol-runtime.md
ag-ui-events	primary_url_confirmed	Q29	current_r3_direct	C5	provenance/protocol-runtime.md
ag-ui-events	primary_url_confirmed	Q29	current_r3_direct	C7	provenance/protocol-runtime.md
ag-ui-events	primary_url_confirmed	Q29	current_r3_direct	E-core-ui_session	provenance/protocol-runtime.md
ag-ui-events	primary_url_confirmed	Q29	current_r3_direct	E-proto-agui_event_surface	provenance/protocol-runtime.md
ag-ui-events	primary_url_confirmed	Q29	current_r3_direct	M-core-ui_session	provenance/protocol-runtime.md
ag-ui-events	primary_url_confirmed	Q29	current_r3_direct	M-sec-local_ui_policy	provenance/protocol-runtime.md
ag-ui-events	primary_url_confirmed	Q29	current_r3_direct	M-proto-agui_event_manifest	provenance/protocol-runtime.md
ag-ui-events	primary_url_confirmed	Q29	current_r3_direct	INV-21	provenance/protocol-runtime.md
ag-ui-interrupts	primary_url_confirmed	F-2	current_r3_direct	C5	provenance/protocol-runtime.md
ag-ui-interrupts	primary_url_confirmed	F-2	current_r3_direct	C7	provenance/protocol-runtime.md
ag-ui-interrupts	primary_url_confirmed	F-2	current_r3_direct	E-proto-agui_event_surface	provenance/protocol-runtime.md
ag-ui-interrupts	primary_url_confirmed	F-2	current_r3_direct	M-proto-agui_event_manifest	provenance/protocol-runtime.md
ag-ui-interrupts	primary_url_confirmed	F-2	current_r3_direct	M-core-ui_session	provenance/protocol-runtime.md
ag-ui-interrupts	primary_url_confirmed	F-2	current_r3_direct	R3-PROTO:AG-UI	provenance/protocol-runtime.md
ag-ui-interrupts	primary_url_confirmed	F-2	current_r3_direct	INV-21	provenance/protocol-runtime.md
ag-ui-interrupts	primary_url_confirmed	Q29	current_r3_direct	C5	provenance/protocol-runtime.md
ag-ui-interrupts	primary_url_confirmed	Q29	current_r3_direct	C7	provenance/protocol-runtime.md
ag-ui-interrupts	primary_url_confirmed	Q29	current_r3_direct	E-core-ui_session	provenance/protocol-runtime.md
ag-ui-interrupts	primary_url_confirmed	Q29	current_r3_direct	E-proto-agui_event_surface	provenance/protocol-runtime.md
ag-ui-interrupts	primary_url_confirmed	Q29	current_r3_direct	M-core-ui_session	provenance/protocol-runtime.md
ag-ui-interrupts	primary_url_confirmed	Q29	current_r3_direct	M-sec-local_ui_policy	provenance/protocol-runtime.md
ag-ui-interrupts	primary_url_confirmed	Q29	current_r3_direct	M-proto-agui_event_manifest	provenance/protocol-runtime.md
ag-ui-interrupts	primary_url_confirmed	Q29	current_r3_direct	INV-21	provenance/protocol-runtime.md
a2a-latest-spec	primary_url_confirmed	F-3	current_r3_direct	C4	provenance/protocol-runtime.md
a2a-latest-spec	primary_url_confirmed	F-3	current_r3_direct	C7	provenance/protocol-runtime.md
a2a-latest-spec	primary_url_confirmed	F-3	current_r3_direct	E-proto-a2a_adapter	provenance/protocol-runtime.md
a2a-latest-spec	primary_url_confirmed	F-3	current_r3_direct	M-proto-a2a_peer_manifest	provenance/protocol-runtime.md
a2a-latest-spec	primary_url_confirmed	F-3	current_r3_direct	CAP-external_agent_task	provenance/protocol-runtime.md
a2a-latest-spec	primary_url_confirmed	F-3	current_r3_direct	R3-PROTO:A2A	provenance/protocol-runtime.md
a2a-latest-spec	primary_url_confirmed	F-3	current_r3_direct	INV-23	provenance/protocol-runtime.md
a2a-latest-spec	primary_url_confirmed	R2.5	current_r3_direct	C7	provenance/protocol-runtime.md
a2a-latest-spec	primary_url_confirmed	R2.5	current_r3_direct	E-proto-mcp_adapter	provenance/protocol-runtime.md
a2a-latest-spec	primary_url_confirmed	R2.5	current_r3_direct	E-proto-a2a_adapter	provenance/protocol-runtime.md
a2a-latest-spec	primary_url_confirmed	R2.5	current_r3_direct	E-proto-agui_event_surface	provenance/protocol-runtime.md
a2a-latest-spec	primary_url_confirmed	R2.5	current_r3_direct	M-core-adapter_registry	provenance/protocol-runtime.md
a2a-latest-spec	primary_url_confirmed	R2.5	current_r3_direct	M-core-architecture_manifest	provenance/protocol-runtime.md
a2a-latest-spec	primary_url_confirmed	R2.5	current_r3_direct	M-core-trace_manifest	provenance/protocol-runtime.md
a2a-latest-spec	primary_url_confirmed	R2.5	current_r3_direct	M-proto-mcp_adapter_manifest	provenance/protocol-runtime.md
a2a-latest-spec	primary_url_confirmed	R2.5	current_r3_direct	M-proto-mcp_tool_inventory	provenance/protocol-runtime.md
a2a-latest-spec	primary_url_confirmed	R2.5	current_r3_direct	M-proto-a2a_peer_manifest	provenance/protocol-runtime.md
a2a-latest-spec	primary_url_confirmed	R2.5	current_r3_direct	M-proto-agui_event_manifest	provenance/protocol-runtime.md
a2a-latest-spec	primary_url_confirmed	R2.5	current_r3_direct	R3-PROTO:MCP	provenance/protocol-runtime.md
a2a-latest-spec	primary_url_confirmed	R2.5	current_r3_direct	R3-PROTO:A2A	provenance/protocol-runtime.md
a2a-latest-spec	primary_url_confirmed	R2.5	current_r3_direct	R3-PROTO:AG-UI	provenance/protocol-runtime.md
a2a-latest-spec	primary_url_confirmed	R2.5	current_r3_direct	INV-15	provenance/protocol-runtime.md
a2a-latest-spec	primary_url_confirmed	R2.5	current_r3_direct	INV-21	provenance/protocol-runtime.md
a2a-latest-spec	primary_url_confirmed	R2.5	current_r3_direct	INV-22	provenance/protocol-runtime.md
a2a-latest-spec	primary_url_confirmed	R2.5	current_r3_direct	INV-23	provenance/protocol-runtime.md
a2a-latest-spec	primary_url_confirmed	R2.6	current_r3_direct	C3	provenance/protocol-runtime.md
a2a-latest-spec	primary_url_confirmed	R2.6	current_r3_direct	C4	provenance/protocol-runtime.md
a2a-latest-spec	primary_url_confirmed	R2.6	current_r3_direct	E-core-lease	provenance/protocol-runtime.md
a2a-latest-spec	primary_url_confirmed	R2.6	current_r3_direct	E-core-actor	provenance/protocol-runtime.md
a2a-latest-spec	primary_url_confirmed	R2.6	current_r3_direct	E-core-trust_state	provenance/protocol-runtime.md
a2a-latest-spec	primary_url_confirmed	R2.6	current_r3_direct	M-core-lease_manifest	provenance/protocol-runtime.md
a2a-latest-spec	primary_url_confirmed	R2.6	current_r3_direct	M-core-agent_identity	provenance/protocol-runtime.md
a2a-latest-spec	primary_url_confirmed	R2.6	current_r3_direct	M-core-agent_trust_registry	provenance/protocol-runtime.md
a2a-latest-spec	primary_url_confirmed	R2.6	current_r3_direct	M-core-state_environment	provenance/protocol-runtime.md
a2a-latest-spec	primary_url_confirmed	R2.6	current_r3_direct	M-proto-a2a_peer_manifest	provenance/protocol-runtime.md
a2a-latest-spec	primary_url_confirmed	R2.6	current_r3_direct	INV-3	provenance/protocol-runtime.md
a2a-latest-spec	primary_url_confirmed	R2.6	current_r3_direct	INV-4	provenance/protocol-runtime.md
a2a-latest-spec	primary_url_confirmed	R2.6	current_r3_direct	INV-23	provenance/protocol-runtime.md
a2a-latest-spec	primary_url_confirmed	R2.6	current_r3_direct	INV-26	provenance/protocol-runtime.md
a2a-v1-announcement	primary_url_confirmed	F-3	current_r3_direct	C4	provenance/protocol-runtime.md
a2a-v1-announcement	primary_url_confirmed	F-3	current_r3_direct	C7	provenance/protocol-runtime.md
a2a-v1-announcement	primary_url_confirmed	F-3	current_r3_direct	E-proto-a2a_adapter	provenance/protocol-runtime.md
a2a-v1-announcement	primary_url_confirmed	F-3	current_r3_direct	M-proto-a2a_peer_manifest	provenance/protocol-runtime.md
a2a-v1-announcement	primary_url_confirmed	F-3	current_r3_direct	CAP-external_agent_task	provenance/protocol-runtime.md
a2a-v1-announcement	primary_url_confirmed	F-3	current_r3_direct	R3-PROTO:A2A	provenance/protocol-runtime.md
a2a-v1-announcement	primary_url_confirmed	F-3	current_r3_direct	INV-23	provenance/protocol-runtime.md
a2a-agent-discovery	primary_url_confirmed	F-3	current_r3_direct	C4	provenance/protocol-runtime.md
a2a-agent-discovery	primary_url_confirmed	F-3	current_r3_direct	C7	provenance/protocol-runtime.md
a2a-agent-discovery	primary_url_confirmed	F-3	current_r3_direct	E-proto-a2a_adapter	provenance/protocol-runtime.md
a2a-agent-discovery	primary_url_confirmed	F-3	current_r3_direct	M-proto-a2a_peer_manifest	provenance/protocol-runtime.md
a2a-agent-discovery	primary_url_confirmed	F-3	current_r3_direct	CAP-external_agent_task	provenance/protocol-runtime.md
a2a-agent-discovery	primary_url_confirmed	F-3	current_r3_direct	R3-PROTO:A2A	provenance/protocol-runtime.md
a2a-agent-discovery	primary_url_confirmed	F-3	current_r3_direct	INV-23	provenance/protocol-runtime.md
mcp-released-spec	primary_url_confirmed	F-9	current_r3_direct	C2	provenance/protocol-runtime.md
mcp-released-spec	primary_url_confirmed	F-9	current_r3_direct	C7	provenance/protocol-runtime.md
mcp-released-spec	primary_url_confirmed	F-9	current_r3_direct	E-proto-mcp_adapter	provenance/protocol-runtime.md
mcp-released-spec	primary_url_confirmed	F-9	current_r3_direct	M-proto-mcp_adapter_manifest	provenance/protocol-runtime.md
mcp-released-spec	primary_url_confirmed	F-9	current_r3_direct	M-proto-mcp_tool_inventory	provenance/protocol-runtime.md
mcp-released-spec	primary_url_confirmed	F-9	current_r3_direct	R3-PROTO:MCP	provenance/protocol-runtime.md
mcp-released-spec	primary_url_confirmed	F-9	current_r3_direct	INV-22	provenance/protocol-runtime.md
mcp-released-spec	primary_url_confirmed	R2.5	current_r3_direct	C7	provenance/protocol-runtime.md
mcp-released-spec	primary_url_confirmed	R2.5	current_r3_direct	E-proto-mcp_adapter	provenance/protocol-runtime.md
mcp-released-spec	primary_url_confirmed	R2.5	current_r3_direct	E-proto-a2a_adapter	provenance/protocol-runtime.md
mcp-released-spec	primary_url_confirmed	R2.5	current_r3_direct	E-proto-agui_event_surface	provenance/protocol-runtime.md
mcp-released-spec	primary_url_confirmed	R2.5	current_r3_direct	M-core-adapter_registry	provenance/protocol-runtime.md
mcp-released-spec	primary_url_confirmed	R2.5	current_r3_direct	M-core-architecture_manifest	provenance/protocol-runtime.md
mcp-released-spec	primary_url_confirmed	R2.5	current_r3_direct	M-core-trace_manifest	provenance/protocol-runtime.md
mcp-released-spec	primary_url_confirmed	R2.5	current_r3_direct	M-proto-mcp_adapter_manifest	provenance/protocol-runtime.md
mcp-released-spec	primary_url_confirmed	R2.5	current_r3_direct	M-proto-mcp_tool_inventory	provenance/protocol-runtime.md
mcp-released-spec	primary_url_confirmed	R2.5	current_r3_direct	M-proto-a2a_peer_manifest	provenance/protocol-runtime.md
mcp-released-spec	primary_url_confirmed	R2.5	current_r3_direct	M-proto-agui_event_manifest	provenance/protocol-runtime.md
mcp-released-spec	primary_url_confirmed	R2.5	current_r3_direct	R3-PROTO:MCP	provenance/protocol-runtime.md
mcp-released-spec	primary_url_confirmed	R2.5	current_r3_direct	R3-PROTO:A2A	provenance/protocol-runtime.md
mcp-released-spec	primary_url_confirmed	R2.5	current_r3_direct	R3-PROTO:AG-UI	provenance/protocol-runtime.md
mcp-released-spec	primary_url_confirmed	R2.5	current_r3_direct	INV-15	provenance/protocol-runtime.md
mcp-released-spec	primary_url_confirmed	R2.5	current_r3_direct	INV-21	provenance/protocol-runtime.md
mcp-released-spec	primary_url_confirmed	R2.5	current_r3_direct	INV-22	provenance/protocol-runtime.md
mcp-released-spec	primary_url_confirmed	R2.5	current_r3_direct	INV-23	provenance/protocol-runtime.md
mcp-released-spec	primary_url_confirmed	R2.12	current_r3_direct	C6	provenance/protocol-runtime.md
mcp-released-spec	primary_url_confirmed	R2.12	current_r3_direct	C7	provenance/protocol-runtime.md
mcp-released-spec	primary_url_confirmed	R2.12	current_r3_direct	M-core-security_inventory	provenance/protocol-runtime.md
mcp-released-spec	primary_url_confirmed	R2.12	current_r3_direct	M-sec-taint_map	provenance/protocol-runtime.md
mcp-released-spec	primary_url_confirmed	R2.12	current_r3_direct	M-sec-worker_sandbox_policy	provenance/protocol-runtime.md
mcp-released-spec	primary_url_confirmed	R2.12	current_r3_direct	M-sec-spend_ledger	provenance/protocol-runtime.md
mcp-released-spec	primary_url_confirmed	R2.12	current_r3_direct	M-sec-local_ui_policy	provenance/protocol-runtime.md
mcp-released-spec	primary_url_confirmed	R2.12	current_r3_direct	M-sec-supply_chain_attestation	provenance/protocol-runtime.md
mcp-released-spec	primary_url_confirmed	R2.12	current_r3_direct	M-sec-aibom_manifest	provenance/protocol-runtime.md
mcp-released-spec	primary_url_confirmed	R2.12	current_r3_direct	M-proto-mcp_adapter_manifest	provenance/protocol-runtime.md
mcp-released-spec	primary_url_confirmed	R2.12	current_r3_direct	M-proto-mcp_tool_inventory	provenance/protocol-runtime.md
mcp-released-spec	primary_url_confirmed	R2.12	current_r3_direct	M-proto-a2a_peer_manifest	provenance/protocol-runtime.md
mcp-released-spec	primary_url_confirmed	R2.12	current_r3_direct	INV-1	provenance/protocol-runtime.md
mcp-released-spec	primary_url_confirmed	R2.12	current_r3_direct	INV-3	provenance/protocol-runtime.md
mcp-released-spec	primary_url_confirmed	R2.12	current_r3_direct	INV-4	provenance/protocol-runtime.md
mcp-released-spec	primary_url_confirmed	R2.12	current_r3_direct	INV-5	provenance/protocol-runtime.md
mcp-released-spec	primary_url_confirmed	R2.12	current_r3_direct	INV-6	provenance/protocol-runtime.md
mcp-released-spec	primary_url_confirmed	R2.12	current_r3_direct	INV-8	provenance/protocol-runtime.md
mcp-released-spec	primary_url_confirmed	R2.12	current_r3_direct	INV-9	provenance/protocol-runtime.md
mcp-released-spec	primary_url_confirmed	R2.12	current_r3_direct	INV-14	provenance/protocol-runtime.md
mcp-released-spec	primary_url_confirmed	R2.12	current_r3_direct	INV-18	provenance/protocol-runtime.md
mcp-released-spec	primary_url_confirmed	R2.12	current_r3_direct	INV-19	provenance/protocol-runtime.md
mcp-released-spec	primary_url_confirmed	R2.12	current_r3_direct	INV-20	provenance/protocol-runtime.md
mcp-released-spec	primary_url_confirmed	R2.12	current_r3_direct	INV-21	provenance/protocol-runtime.md
mcp-released-spec	primary_url_confirmed	R2.12	current_r3_direct	INV-22	provenance/protocol-runtime.md
mcp-released-spec	primary_url_confirmed	R2.12	current_r3_direct	INV-23	provenance/protocol-runtime.md
mcp-released-spec	primary_url_confirmed	R2.12	current_r3_direct	INV-24	provenance/protocol-runtime.md
mcp-released-spec	primary_url_confirmed	R2.12	current_r3_direct	INV-25	provenance/protocol-runtime.md
mcp-released-spec	primary_url_confirmed	R2.12	current_r3_direct	INV-26	provenance/protocol-runtime.md
mcp-security-best-practices	primary_url_confirmed	F-9	current_r3_direct	C2	provenance/protocol-runtime.md
mcp-security-best-practices	primary_url_confirmed	F-9	current_r3_direct	C7	provenance/protocol-runtime.md
mcp-security-best-practices	primary_url_confirmed	F-9	current_r3_direct	E-proto-mcp_adapter	provenance/protocol-runtime.md
mcp-security-best-practices	primary_url_confirmed	F-9	current_r3_direct	M-proto-mcp_adapter_manifest	provenance/protocol-runtime.md
mcp-security-best-practices	primary_url_confirmed	F-9	current_r3_direct	M-proto-mcp_tool_inventory	provenance/protocol-runtime.md
mcp-security-best-practices	primary_url_confirmed	F-9	current_r3_direct	R3-PROTO:MCP	provenance/protocol-runtime.md
mcp-security-best-practices	primary_url_confirmed	F-9	current_r3_direct	INV-22	provenance/protocol-runtime.md
mcp-security-best-practices	primary_url_confirmed	R2.12	current_r3_direct	C6	provenance/protocol-runtime.md
mcp-security-best-practices	primary_url_confirmed	R2.12	current_r3_direct	C7	provenance/protocol-runtime.md
mcp-security-best-practices	primary_url_confirmed	R2.12	current_r3_direct	M-core-security_inventory	provenance/protocol-runtime.md
mcp-security-best-practices	primary_url_confirmed	R2.12	current_r3_direct	M-sec-taint_map	provenance/protocol-runtime.md
mcp-security-best-practices	primary_url_confirmed	R2.12	current_r3_direct	M-sec-worker_sandbox_policy	provenance/protocol-runtime.md
mcp-security-best-practices	primary_url_confirmed	R2.12	current_r3_direct	M-sec-spend_ledger	provenance/protocol-runtime.md
mcp-security-best-practices	primary_url_confirmed	R2.12	current_r3_direct	M-sec-local_ui_policy	provenance/protocol-runtime.md
mcp-security-best-practices	primary_url_confirmed	R2.12	current_r3_direct	M-sec-supply_chain_attestation	provenance/protocol-runtime.md
mcp-security-best-practices	primary_url_confirmed	R2.12	current_r3_direct	M-sec-aibom_manifest	provenance/protocol-runtime.md
mcp-security-best-practices	primary_url_confirmed	R2.12	current_r3_direct	M-proto-mcp_adapter_manifest	provenance/protocol-runtime.md
mcp-security-best-practices	primary_url_confirmed	R2.12	current_r3_direct	M-proto-mcp_tool_inventory	provenance/protocol-runtime.md
mcp-security-best-practices	primary_url_confirmed	R2.12	current_r3_direct	M-proto-a2a_peer_manifest	provenance/protocol-runtime.md
mcp-security-best-practices	primary_url_confirmed	R2.12	current_r3_direct	INV-1	provenance/protocol-runtime.md
mcp-security-best-practices	primary_url_confirmed	R2.12	current_r3_direct	INV-3	provenance/protocol-runtime.md
mcp-security-best-practices	primary_url_confirmed	R2.12	current_r3_direct	INV-4	provenance/protocol-runtime.md
mcp-security-best-practices	primary_url_confirmed	R2.12	current_r3_direct	INV-5	provenance/protocol-runtime.md
mcp-security-best-practices	primary_url_confirmed	R2.12	current_r3_direct	INV-6	provenance/protocol-runtime.md
mcp-security-best-practices	primary_url_confirmed	R2.12	current_r3_direct	INV-8	provenance/protocol-runtime.md
mcp-security-best-practices	primary_url_confirmed	R2.12	current_r3_direct	INV-9	provenance/protocol-runtime.md
mcp-security-best-practices	primary_url_confirmed	R2.12	current_r3_direct	INV-14	provenance/protocol-runtime.md
mcp-security-best-practices	primary_url_confirmed	R2.12	current_r3_direct	INV-18	provenance/protocol-runtime.md
mcp-security-best-practices	primary_url_confirmed	R2.12	current_r3_direct	INV-19	provenance/protocol-runtime.md
mcp-security-best-practices	primary_url_confirmed	R2.12	current_r3_direct	INV-20	provenance/protocol-runtime.md
mcp-security-best-practices	primary_url_confirmed	R2.12	current_r3_direct	INV-21	provenance/protocol-runtime.md
mcp-security-best-practices	primary_url_confirmed	R2.12	current_r3_direct	INV-22	provenance/protocol-runtime.md
mcp-security-best-practices	primary_url_confirmed	R2.12	current_r3_direct	INV-23	provenance/protocol-runtime.md
mcp-security-best-practices	primary_url_confirmed	R2.12	current_r3_direct	INV-24	provenance/protocol-runtime.md
mcp-security-best-practices	primary_url_confirmed	R2.12	current_r3_direct	INV-25	provenance/protocol-runtime.md
mcp-security-best-practices	primary_url_confirmed	R2.12	current_r3_direct	INV-26	provenance/protocol-runtime.md
mcp-authorization-draft	draft_or_advisory	F-9	current_r3_direct	C2	provenance/protocol-runtime.md
mcp-authorization-draft	draft_or_advisory	F-9	current_r3_direct	C7	provenance/protocol-runtime.md
mcp-authorization-draft	draft_or_advisory	F-9	current_r3_direct	E-proto-mcp_adapter	provenance/protocol-runtime.md
mcp-authorization-draft	draft_or_advisory	F-9	current_r3_direct	M-proto-mcp_adapter_manifest	provenance/protocol-runtime.md
mcp-authorization-draft	draft_or_advisory	F-9	current_r3_direct	M-proto-mcp_tool_inventory	provenance/protocol-runtime.md
mcp-authorization-draft	draft_or_advisory	F-9	current_r3_direct	R3-PROTO:MCP	provenance/protocol-runtime.md
mcp-authorization-draft	draft_or_advisory	F-9	current_r3_direct	INV-22	provenance/protocol-runtime.md
mcp-authorization-draft	draft_or_advisory	R2.12	current_r3_direct	C6	provenance/protocol-runtime.md
mcp-authorization-draft	draft_or_advisory	R2.12	current_r3_direct	C7	provenance/protocol-runtime.md
mcp-authorization-draft	draft_or_advisory	R2.12	current_r3_direct	M-core-security_inventory	provenance/protocol-runtime.md
mcp-authorization-draft	draft_or_advisory	R2.12	current_r3_direct	M-sec-taint_map	provenance/protocol-runtime.md
mcp-authorization-draft	draft_or_advisory	R2.12	current_r3_direct	M-sec-worker_sandbox_policy	provenance/protocol-runtime.md
mcp-authorization-draft	draft_or_advisory	R2.12	current_r3_direct	M-sec-spend_ledger	provenance/protocol-runtime.md
mcp-authorization-draft	draft_or_advisory	R2.12	current_r3_direct	M-sec-local_ui_policy	provenance/protocol-runtime.md
mcp-authorization-draft	draft_or_advisory	R2.12	current_r3_direct	M-sec-supply_chain_attestation	provenance/protocol-runtime.md
mcp-authorization-draft	draft_or_advisory	R2.12	current_r3_direct	M-sec-aibom_manifest	provenance/protocol-runtime.md
mcp-authorization-draft	draft_or_advisory	R2.12	current_r3_direct	M-proto-mcp_adapter_manifest	provenance/protocol-runtime.md
mcp-authorization-draft	draft_or_advisory	R2.12	current_r3_direct	M-proto-mcp_tool_inventory	provenance/protocol-runtime.md
mcp-authorization-draft	draft_or_advisory	R2.12	current_r3_direct	M-proto-a2a_peer_manifest	provenance/protocol-runtime.md
mcp-authorization-draft	draft_or_advisory	R2.12	current_r3_direct	INV-1	provenance/protocol-runtime.md
mcp-authorization-draft	draft_or_advisory	R2.12	current_r3_direct	INV-3	provenance/protocol-runtime.md
mcp-authorization-draft	draft_or_advisory	R2.12	current_r3_direct	INV-4	provenance/protocol-runtime.md
mcp-authorization-draft	draft_or_advisory	R2.12	current_r3_direct	INV-5	provenance/protocol-runtime.md
mcp-authorization-draft	draft_or_advisory	R2.12	current_r3_direct	INV-6	provenance/protocol-runtime.md
mcp-authorization-draft	draft_or_advisory	R2.12	current_r3_direct	INV-8	provenance/protocol-runtime.md
mcp-authorization-draft	draft_or_advisory	R2.12	current_r3_direct	INV-9	provenance/protocol-runtime.md
mcp-authorization-draft	draft_or_advisory	R2.12	current_r3_direct	INV-14	provenance/protocol-runtime.md
mcp-authorization-draft	draft_or_advisory	R2.12	current_r3_direct	INV-18	provenance/protocol-runtime.md
mcp-authorization-draft	draft_or_advisory	R2.12	current_r3_direct	INV-19	provenance/protocol-runtime.md
mcp-authorization-draft	draft_or_advisory	R2.12	current_r3_direct	INV-20	provenance/protocol-runtime.md
mcp-authorization-draft	draft_or_advisory	R2.12	current_r3_direct	INV-21	provenance/protocol-runtime.md
mcp-authorization-draft	draft_or_advisory	R2.12	current_r3_direct	INV-22	provenance/protocol-runtime.md
mcp-authorization-draft	draft_or_advisory	R2.12	current_r3_direct	INV-23	provenance/protocol-runtime.md
mcp-authorization-draft	draft_or_advisory	R2.12	current_r3_direct	INV-24	provenance/protocol-runtime.md
mcp-authorization-draft	draft_or_advisory	R2.12	current_r3_direct	INV-25	provenance/protocol-runtime.md
mcp-authorization-draft	draft_or_advisory	R2.12	current_r3_direct	INV-26	provenance/protocol-runtime.md
sqlite-wal	primary_url_confirmed	F-11	current_r3_direct	C3	provenance/protocol-runtime.md
sqlite-wal	primary_url_confirmed	F-11	current_r3_direct	C4	provenance/protocol-runtime.md
sqlite-wal	primary_url_confirmed	F-11	current_r3_direct	E-core-event	provenance/protocol-runtime.md
sqlite-wal	primary_url_confirmed	F-11	current_r3_direct	E-core-lease	provenance/protocol-runtime.md
sqlite-wal	primary_url_confirmed	F-11	current_r3_direct	M-core-event_log	provenance/protocol-runtime.md
sqlite-wal	primary_url_confirmed	F-11	current_r3_direct	M-core-lease_manifest	provenance/protocol-runtime.md
sqlite-wal	primary_url_confirmed	F-11	current_r3_direct	M-core-state_environment	provenance/protocol-runtime.md
sqlite-wal	primary_url_confirmed	F-11	current_r3_direct	INV-7	provenance/protocol-runtime.md
sqlite-wal	primary_url_confirmed	F-11	current_r3_direct	INV-13	provenance/protocol-runtime.md
sqlite-wal	primary_url_confirmed	F-11	current_r3_direct	INV-26	provenance/protocol-runtime.md
sqlite-wal	primary_url_confirmed	R2.4	current_r3_direct	C3	provenance/protocol-runtime.md
sqlite-wal	primary_url_confirmed	R2.4	current_r3_direct	C4	provenance/protocol-runtime.md
sqlite-wal	primary_url_confirmed	R2.4	current_r3_direct	E-core-event	provenance/protocol-runtime.md
sqlite-wal	primary_url_confirmed	R2.4	current_r3_direct	E-core-lease	provenance/protocol-runtime.md
sqlite-wal	primary_url_confirmed	R2.4	current_r3_direct	M-core-event_log	provenance/protocol-runtime.md
sqlite-wal	primary_url_confirmed	R2.4	current_r3_direct	M-core-lease_manifest	provenance/protocol-runtime.md
sqlite-wal	primary_url_confirmed	R2.4	current_r3_direct	M-core-state_environment	provenance/protocol-runtime.md
sqlite-wal	primary_url_confirmed	R2.4	current_r3_direct	INV-7	provenance/protocol-runtime.md
sqlite-wal	primary_url_confirmed	R2.4	current_r3_direct	INV-13	provenance/protocol-runtime.md
sqlite-wal	primary_url_confirmed	R2.4	current_r3_direct	INV-26	provenance/protocol-runtime.md
sqlite-wal	primary_url_confirmed	R2.6	current_r3_direct	C3	provenance/protocol-runtime.md
sqlite-wal	primary_url_confirmed	R2.6	current_r3_direct	C4	provenance/protocol-runtime.md
sqlite-wal	primary_url_confirmed	R2.6	current_r3_direct	E-core-lease	provenance/protocol-runtime.md
sqlite-wal	primary_url_confirmed	R2.6	current_r3_direct	E-core-actor	provenance/protocol-runtime.md
sqlite-wal	primary_url_confirmed	R2.6	current_r3_direct	E-core-trust_state	provenance/protocol-runtime.md
sqlite-wal	primary_url_confirmed	R2.6	current_r3_direct	M-core-lease_manifest	provenance/protocol-runtime.md
sqlite-wal	primary_url_confirmed	R2.6	current_r3_direct	M-core-agent_identity	provenance/protocol-runtime.md
sqlite-wal	primary_url_confirmed	R2.6	current_r3_direct	M-core-agent_trust_registry	provenance/protocol-runtime.md
sqlite-wal	primary_url_confirmed	R2.6	current_r3_direct	M-core-state_environment	provenance/protocol-runtime.md
sqlite-wal	primary_url_confirmed	R2.6	current_r3_direct	M-proto-a2a_peer_manifest	provenance/protocol-runtime.md
sqlite-wal	primary_url_confirmed	R2.6	current_r3_direct	INV-3	provenance/protocol-runtime.md
sqlite-wal	primary_url_confirmed	R2.6	current_r3_direct	INV-4	provenance/protocol-runtime.md
sqlite-wal	primary_url_confirmed	R2.6	current_r3_direct	INV-23	provenance/protocol-runtime.md
sqlite-wal	primary_url_confirmed	R2.6	current_r3_direct	INV-26	provenance/protocol-runtime.md
otel-genai-repo	development_status_primary	F-10	current_r3_direct	M-core-trace_manifest	provenance/protocol-runtime.md
otel-genai-repo	development_status_primary	R2.10	current_r3_direct	C6	provenance/protocol-runtime.md
otel-genai-repo	development_status_primary	R2.10	current_r3_direct	M-core-security_inventory	provenance/protocol-runtime.md
otel-genai-repo	development_status_primary	R2.10	current_r3_direct	M-sec-supply_chain_attestation	provenance/protocol-runtime.md
otel-genai-repo	development_status_primary	R2.10	current_r3_direct	M-sec-aibom_manifest	provenance/protocol-runtime.md
otel-genai-repo	development_status_primary	R2.10	current_r3_direct	M-core-trace_manifest	provenance/protocol-runtime.md
otel-genai-repo	development_status_primary	R2.10	current_r3_direct	INV-14	provenance/protocol-runtime.md
otel-genai-repo	development_status_primary	R2.10	current_r3_direct	INV-24	provenance/protocol-runtime.md
otel-genai-readme	development_status_primary	F-10	current_r3_direct	M-core-trace_manifest	provenance/protocol-runtime.md
otel-genai-readme	development_status_primary	R2.10	current_r3_direct	C6	provenance/protocol-runtime.md
otel-genai-readme	development_status_primary	R2.10	current_r3_direct	M-core-security_inventory	provenance/protocol-runtime.md
otel-genai-readme	development_status_primary	R2.10	current_r3_direct	M-sec-supply_chain_attestation	provenance/protocol-runtime.md
otel-genai-readme	development_status_primary	R2.10	current_r3_direct	M-sec-aibom_manifest	provenance/protocol-runtime.md
otel-genai-readme	development_status_primary	R2.10	current_r3_direct	M-core-trace_manifest	provenance/protocol-runtime.md
otel-genai-readme	development_status_primary	R2.10	current_r3_direct	INV-14	provenance/protocol-runtime.md
otel-genai-readme	development_status_primary	R2.10	current_r3_direct	INV-24	provenance/protocol-runtime.md
comfy-cloud-overview	primary_url_confirmed	F-4	current_r3_direct	C2	provenance/image-runtime-optional.md
comfy-cloud-overview	primary_url_confirmed	F-4	current_r3_direct	E-core-provider_job	provenance/image-runtime-optional.md
comfy-cloud-overview	primary_url_confirmed	F-4	current_r3_direct	M-core-job_manifest	provenance/image-runtime-optional.md
comfy-cloud-overview	primary_url_confirmed	F-4	current_r3_direct	M-core-cost_estimate	provenance/image-runtime-optional.md
comfy-cloud-overview	primary_url_confirmed	F-4	current_r3_direct	M-core-side_effect_request	provenance/image-runtime-optional.md
comfy-cloud-overview	primary_url_confirmed	F-4	current_r3_direct	M-core-side_effect_result	provenance/image-runtime-optional.md
comfy-cloud-overview	primary_url_confirmed	F-4	current_r3_direct	INV-10	provenance/image-runtime-optional.md
comfy-cloud-overview	primary_url_confirmed	F-4	current_r3_direct	INV-20	provenance/image-runtime-optional.md
comfy-cloud-overview	primary_url_confirmed	F-4	current_r3_direct	INV-25	provenance/image-runtime-optional.md
comfy-cloud-api-reference	primary_url_confirmed	F-4	current_r3_direct	C2	provenance/image-runtime-optional.md
comfy-cloud-api-reference	primary_url_confirmed	F-4	current_r3_direct	E-core-provider_job	provenance/image-runtime-optional.md
comfy-cloud-api-reference	primary_url_confirmed	F-4	current_r3_direct	M-core-job_manifest	provenance/image-runtime-optional.md
comfy-cloud-api-reference	primary_url_confirmed	F-4	current_r3_direct	M-core-cost_estimate	provenance/image-runtime-optional.md
comfy-cloud-api-reference	primary_url_confirmed	F-4	current_r3_direct	M-core-side_effect_request	provenance/image-runtime-optional.md
comfy-cloud-api-reference	primary_url_confirmed	F-4	current_r3_direct	M-core-side_effect_result	provenance/image-runtime-optional.md
comfy-cloud-api-reference	primary_url_confirmed	F-4	current_r3_direct	INV-10	provenance/image-runtime-optional.md
comfy-cloud-api-reference	primary_url_confirmed	F-4	current_r3_direct	INV-20	provenance/image-runtime-optional.md
comfy-cloud-api-reference	primary_url_confirmed	F-4	current_r3_direct	INV-25	provenance/image-runtime-optional.md
comfy-cloud-get-started	primary_url_confirmed	F-5	current_r3_direct	M-pack.image-asset_manifest	provenance/image-runtime-optional.md
comfy-cloud-get-started	primary_url_confirmed	F-5	current_r3_direct	M-pack.image-workflow_import	provenance/image-runtime-optional.md
comfy-cloud-get-started	primary_url_confirmed	F-5	current_r3_direct	M-pack.image-workflow_plan	provenance/image-runtime-optional.md
comfy-cloud-get-started	primary_url_confirmed	F-5	current_r3_direct	M-pack.image-graph_patch_manifest	provenance/image-runtime-optional.md
comfy-cloud-get-started	primary_url_confirmed	F-5	current_r3_direct	M-pack.image-creator_intake	provenance/image-runtime-optional.md
comfy-cloud-get-started	primary_url_confirmed	F-5	current_r3_direct	M-pack.image-questionnaire_session	provenance/image-runtime-optional.md
comfy-cloud-get-started	primary_url_confirmed	F-5	current_r3_direct	M-pack.image-result_manifest	provenance/image-runtime-optional.md
comfy-cloud-get-started	primary_url_confirmed	F-5	current_r3_direct	M-pack.image-review_gallery_session	provenance/image-runtime-optional.md
comfy-cloud-get-started	primary_url_confirmed	F-5	current_r3_direct	M-pack.image-feedback	provenance/image-runtime-optional.md
comfy-cloud-get-started	primary_url_confirmed	F-5	current_r3_direct	M-pack.image-loop_state	provenance/image-runtime-optional.md
comfy-cloud-get-started	primary_url_confirmed	F-5	current_r3_direct	M-sec-aibom_manifest	provenance/image-runtime-optional.md
comfy-cloud-get-started	primary_url_confirmed	F-5	current_r3_direct	M-core-security_inventory	provenance/image-runtime-optional.md
comfy-cloud-get-started	primary_url_confirmed	F-5	current_r3_direct	INV-14	provenance/image-runtime-optional.md
comfy-cloud-get-started	primary_url_confirmed	F-5	current_r3_direct	INV-24	provenance/image-runtime-optional.md
civitai-developer	primary_url_confirmed	F-5	current_r3_direct	M-pack.image-asset_manifest	provenance/image-runtime-optional.md
civitai-developer	primary_url_confirmed	F-5	current_r3_direct	M-pack.image-workflow_import	provenance/image-runtime-optional.md
civitai-developer	primary_url_confirmed	F-5	current_r3_direct	M-pack.image-workflow_plan	provenance/image-runtime-optional.md
civitai-developer	primary_url_confirmed	F-5	current_r3_direct	M-pack.image-graph_patch_manifest	provenance/image-runtime-optional.md
civitai-developer	primary_url_confirmed	F-5	current_r3_direct	M-pack.image-creator_intake	provenance/image-runtime-optional.md
civitai-developer	primary_url_confirmed	F-5	current_r3_direct	M-pack.image-questionnaire_session	provenance/image-runtime-optional.md
civitai-developer	primary_url_confirmed	F-5	current_r3_direct	M-pack.image-result_manifest	provenance/image-runtime-optional.md
civitai-developer	primary_url_confirmed	F-5	current_r3_direct	M-pack.image-review_gallery_session	provenance/image-runtime-optional.md
civitai-developer	primary_url_confirmed	F-5	current_r3_direct	M-pack.image-feedback	provenance/image-runtime-optional.md
civitai-developer	primary_url_confirmed	F-5	current_r3_direct	M-pack.image-loop_state	provenance/image-runtime-optional.md
civitai-developer	primary_url_confirmed	F-5	current_r3_direct	M-sec-aibom_manifest	provenance/image-runtime-optional.md
civitai-developer	primary_url_confirmed	F-5	current_r3_direct	M-core-security_inventory	provenance/image-runtime-optional.md
civitai-developer	primary_url_confirmed	F-5	current_r3_direct	INV-14	provenance/image-runtime-optional.md
civitai-developer	primary_url_confirmed	F-5	current_r3_direct	INV-24	provenance/image-runtime-optional.md
civitai-air-guide	primary_url_confirmed	F-5	current_r3_direct	M-pack.image-asset_manifest	provenance/image-runtime-optional.md
civitai-air-guide	primary_url_confirmed	F-5	current_r3_direct	M-pack.image-workflow_import	provenance/image-runtime-optional.md
civitai-air-guide	primary_url_confirmed	F-5	current_r3_direct	M-pack.image-workflow_plan	provenance/image-runtime-optional.md
civitai-air-guide	primary_url_confirmed	F-5	current_r3_direct	M-pack.image-graph_patch_manifest	provenance/image-runtime-optional.md
civitai-air-guide	primary_url_confirmed	F-5	current_r3_direct	M-pack.image-creator_intake	provenance/image-runtime-optional.md
civitai-air-guide	primary_url_confirmed	F-5	current_r3_direct	M-pack.image-questionnaire_session	provenance/image-runtime-optional.md
civitai-air-guide	primary_url_confirmed	F-5	current_r3_direct	M-pack.image-result_manifest	provenance/image-runtime-optional.md
civitai-air-guide	primary_url_confirmed	F-5	current_r3_direct	M-pack.image-review_gallery_session	provenance/image-runtime-optional.md
civitai-air-guide	primary_url_confirmed	F-5	current_r3_direct	M-pack.image-feedback	provenance/image-runtime-optional.md
civitai-air-guide	primary_url_confirmed	F-5	current_r3_direct	M-pack.image-loop_state	provenance/image-runtime-optional.md
civitai-air-guide	primary_url_confirmed	F-5	current_r3_direct	M-sec-aibom_manifest	provenance/image-runtime-optional.md
civitai-air-guide	primary_url_confirmed	F-5	current_r3_direct	M-core-security_inventory	provenance/image-runtime-optional.md
civitai-air-guide	primary_url_confirmed	F-5	current_r3_direct	INV-14	provenance/image-runtime-optional.md
civitai-air-guide	primary_url_confirmed	F-5	current_r3_direct	INV-24	provenance/image-runtime-optional.md
openai-models	optional_context	F-12_optional_provider_profile	current_r3_direct	M-core-credential_profile	provenance/image-runtime-optional.md
openai-models	optional_context	F-12_optional_provider_profile	current_r3_direct	M-core-llm_call_manifest	provenance/image-runtime-optional.md
openai-models	optional_context	F-12_optional_provider_profile	current_r3_direct	M-sec-spend_ledger	provenance/image-runtime-optional.md
openai-models	optional_context	F-12_optional_provider_profile	current_r3_direct	INV-5	provenance/image-runtime-optional.md
openai-models	optional_context	F-12_optional_provider_profile	current_r3_direct	INV-20	provenance/image-runtime-optional.md
openai-models	optional_context	F-12_optional_provider_profile	current_r3_direct	INV-25	provenance/image-runtime-optional.md
openai-gpt-image-2	optional_context	F-12_optional_provider_profile	current_r3_direct	M-core-credential_profile	provenance/image-runtime-optional.md
openai-gpt-image-2	optional_context	F-12_optional_provider_profile	current_r3_direct	M-core-llm_call_manifest	provenance/image-runtime-optional.md
openai-gpt-image-2	optional_context	F-12_optional_provider_profile	current_r3_direct	M-sec-spend_ledger	provenance/image-runtime-optional.md
openai-gpt-image-2	optional_context	F-12_optional_provider_profile	current_r3_direct	INV-5	provenance/image-runtime-optional.md
openai-gpt-image-2	optional_context	F-12_optional_provider_profile	current_r3_direct	INV-20	provenance/image-runtime-optional.md
openai-gpt-image-2	optional_context	F-12_optional_provider_profile	current_r3_direct	INV-25	provenance/image-runtime-optional.md
agentdyn-paper	primary_url_confirmed	F-8	current_r3_direct	M-sec-taint_map	provenance/owasp-agentic-agentdojo.md
agentdyn-paper	primary_url_confirmed	F-8	current_r3_direct	M-core-decision_manifest	provenance/owasp-agentic-agentdojo.md
agentdyn-paper	primary_url_confirmed	F-8	current_r3_direct	R3.QA:prompt_carrier	provenance/owasp-agentic-agentdojo.md
agentdyn-paper	primary_url_confirmed	F-8	current_r3_direct	INV-8	provenance/owasp-agentic-agentdojo.md
agentdyn-paper	primary_url_confirmed	F-8	current_r3_direct	INV-19	provenance/owasp-agentic-agentdojo.md
agentdyn-paper	primary_url_confirmed	R2.12	current_r3_direct	C6	provenance/owasp-agentic-agentdojo.md
agentdyn-paper	primary_url_confirmed	R2.12	current_r3_direct	C7	provenance/owasp-agentic-agentdojo.md
agentdyn-paper	primary_url_confirmed	R2.12	current_r3_direct	M-core-security_inventory	provenance/owasp-agentic-agentdojo.md
agentdyn-paper	primary_url_confirmed	R2.12	current_r3_direct	M-sec-taint_map	provenance/owasp-agentic-agentdojo.md
agentdyn-paper	primary_url_confirmed	R2.12	current_r3_direct	M-sec-worker_sandbox_policy	provenance/owasp-agentic-agentdojo.md
agentdyn-paper	primary_url_confirmed	R2.12	current_r3_direct	M-sec-spend_ledger	provenance/owasp-agentic-agentdojo.md
agentdyn-paper	primary_url_confirmed	R2.12	current_r3_direct	M-sec-local_ui_policy	provenance/owasp-agentic-agentdojo.md
agentdyn-paper	primary_url_confirmed	R2.12	current_r3_direct	M-sec-supply_chain_attestation	provenance/owasp-agentic-agentdojo.md
agentdyn-paper	primary_url_confirmed	R2.12	current_r3_direct	M-sec-aibom_manifest	provenance/owasp-agentic-agentdojo.md
agentdyn-paper	primary_url_confirmed	R2.12	current_r3_direct	M-proto-mcp_adapter_manifest	provenance/owasp-agentic-agentdojo.md
agentdyn-paper	primary_url_confirmed	R2.12	current_r3_direct	M-proto-mcp_tool_inventory	provenance/owasp-agentic-agentdojo.md
agentdyn-paper	primary_url_confirmed	R2.12	current_r3_direct	M-proto-a2a_peer_manifest	provenance/owasp-agentic-agentdojo.md
agentdyn-paper	primary_url_confirmed	R2.12	current_r3_direct	INV-1	provenance/owasp-agentic-agentdojo.md
agentdyn-paper	primary_url_confirmed	R2.12	current_r3_direct	INV-3	provenance/owasp-agentic-agentdojo.md
agentdyn-paper	primary_url_confirmed	R2.12	current_r3_direct	INV-4	provenance/owasp-agentic-agentdojo.md
agentdyn-paper	primary_url_confirmed	R2.12	current_r3_direct	INV-5	provenance/owasp-agentic-agentdojo.md
agentdyn-paper	primary_url_confirmed	R2.12	current_r3_direct	INV-6	provenance/owasp-agentic-agentdojo.md
agentdyn-paper	primary_url_confirmed	R2.12	current_r3_direct	INV-8	provenance/owasp-agentic-agentdojo.md
agentdyn-paper	primary_url_confirmed	R2.12	current_r3_direct	INV-9	provenance/owasp-agentic-agentdojo.md
agentdyn-paper	primary_url_confirmed	R2.12	current_r3_direct	INV-14	provenance/owasp-agentic-agentdojo.md
agentdyn-paper	primary_url_confirmed	R2.12	current_r3_direct	INV-18	provenance/owasp-agentic-agentdojo.md
agentdyn-paper	primary_url_confirmed	R2.12	current_r3_direct	INV-19	provenance/owasp-agentic-agentdojo.md
agentdyn-paper	primary_url_confirmed	R2.12	current_r3_direct	INV-20	provenance/owasp-agentic-agentdojo.md
agentdyn-paper	primary_url_confirmed	R2.12	current_r3_direct	INV-21	provenance/owasp-agentic-agentdojo.md
agentdyn-paper	primary_url_confirmed	R2.12	current_r3_direct	INV-22	provenance/owasp-agentic-agentdojo.md
agentdyn-paper	primary_url_confirmed	R2.12	current_r3_direct	INV-23	provenance/owasp-agentic-agentdojo.md
agentdyn-paper	primary_url_confirmed	R2.12	current_r3_direct	INV-24	provenance/owasp-agentic-agentdojo.md
agentdyn-paper	primary_url_confirmed	R2.12	current_r3_direct	INV-25	provenance/owasp-agentic-agentdojo.md
agentdyn-paper	primary_url_confirmed	R2.12	current_r3_direct	INV-26	provenance/owasp-agentic-agentdojo.md
agentdyn-repo	primary_url_confirmed	F-8	current_r3_direct	M-sec-taint_map	provenance/owasp-agentic-agentdojo.md
agentdyn-repo	primary_url_confirmed	F-8	current_r3_direct	M-core-decision_manifest	provenance/owasp-agentic-agentdojo.md
agentdyn-repo	primary_url_confirmed	F-8	current_r3_direct	R3.QA:prompt_carrier	provenance/owasp-agentic-agentdojo.md
agentdyn-repo	primary_url_confirmed	F-8	current_r3_direct	INV-8	provenance/owasp-agentic-agentdojo.md
agentdyn-repo	primary_url_confirmed	F-8	current_r3_direct	INV-19	provenance/owasp-agentic-agentdojo.md
agentdyn-repo	primary_url_confirmed	R2.12	current_r3_direct	C6	provenance/owasp-agentic-agentdojo.md
agentdyn-repo	primary_url_confirmed	R2.12	current_r3_direct	C7	provenance/owasp-agentic-agentdojo.md
agentdyn-repo	primary_url_confirmed	R2.12	current_r3_direct	M-core-security_inventory	provenance/owasp-agentic-agentdojo.md
agentdyn-repo	primary_url_confirmed	R2.12	current_r3_direct	M-sec-taint_map	provenance/owasp-agentic-agentdojo.md
agentdyn-repo	primary_url_confirmed	R2.12	current_r3_direct	M-sec-worker_sandbox_policy	provenance/owasp-agentic-agentdojo.md
agentdyn-repo	primary_url_confirmed	R2.12	current_r3_direct	M-sec-spend_ledger	provenance/owasp-agentic-agentdojo.md
agentdyn-repo	primary_url_confirmed	R2.12	current_r3_direct	M-sec-local_ui_policy	provenance/owasp-agentic-agentdojo.md
agentdyn-repo	primary_url_confirmed	R2.12	current_r3_direct	M-sec-supply_chain_attestation	provenance/owasp-agentic-agentdojo.md
agentdyn-repo	primary_url_confirmed	R2.12	current_r3_direct	M-sec-aibom_manifest	provenance/owasp-agentic-agentdojo.md
agentdyn-repo	primary_url_confirmed	R2.12	current_r3_direct	M-proto-mcp_adapter_manifest	provenance/owasp-agentic-agentdojo.md
agentdyn-repo	primary_url_confirmed	R2.12	current_r3_direct	M-proto-mcp_tool_inventory	provenance/owasp-agentic-agentdojo.md
agentdyn-repo	primary_url_confirmed	R2.12	current_r3_direct	M-proto-a2a_peer_manifest	provenance/owasp-agentic-agentdojo.md
agentdyn-repo	primary_url_confirmed	R2.12	current_r3_direct	INV-1	provenance/owasp-agentic-agentdojo.md
agentdyn-repo	primary_url_confirmed	R2.12	current_r3_direct	INV-3	provenance/owasp-agentic-agentdojo.md
agentdyn-repo	primary_url_confirmed	R2.12	current_r3_direct	INV-4	provenance/owasp-agentic-agentdojo.md
agentdyn-repo	primary_url_confirmed	R2.12	current_r3_direct	INV-5	provenance/owasp-agentic-agentdojo.md
agentdyn-repo	primary_url_confirmed	R2.12	current_r3_direct	INV-6	provenance/owasp-agentic-agentdojo.md
agentdyn-repo	primary_url_confirmed	R2.12	current_r3_direct	INV-8	provenance/owasp-agentic-agentdojo.md
agentdyn-repo	primary_url_confirmed	R2.12	current_r3_direct	INV-9	provenance/owasp-agentic-agentdojo.md
agentdyn-repo	primary_url_confirmed	R2.12	current_r3_direct	INV-14	provenance/owasp-agentic-agentdojo.md
agentdyn-repo	primary_url_confirmed	R2.12	current_r3_direct	INV-18	provenance/owasp-agentic-agentdojo.md
agentdyn-repo	primary_url_confirmed	R2.12	current_r3_direct	INV-19	provenance/owasp-agentic-agentdojo.md
agentdyn-repo	primary_url_confirmed	R2.12	current_r3_direct	INV-20	provenance/owasp-agentic-agentdojo.md
agentdyn-repo	primary_url_confirmed	R2.12	current_r3_direct	INV-21	provenance/owasp-agentic-agentdojo.md
agentdyn-repo	primary_url_confirmed	R2.12	current_r3_direct	INV-22	provenance/owasp-agentic-agentdojo.md
agentdyn-repo	primary_url_confirmed	R2.12	current_r3_direct	INV-23	provenance/owasp-agentic-agentdojo.md
agentdyn-repo	primary_url_confirmed	R2.12	current_r3_direct	INV-24	provenance/owasp-agentic-agentdojo.md
agentdyn-repo	primary_url_confirmed	R2.12	current_r3_direct	INV-25	provenance/owasp-agentic-agentdojo.md
agentdyn-repo	primary_url_confirmed	R2.12	current_r3_direct	INV-26	provenance/owasp-agentic-agentdojo.md
owasp-secure-mcp-server-guide	primary_url_confirmed	R2.12	current_r3_direct	C6	provenance/owasp-agentic-agentdojo.md
owasp-secure-mcp-server-guide	primary_url_confirmed	R2.12	current_r3_direct	C7	provenance/owasp-agentic-agentdojo.md
owasp-secure-mcp-server-guide	primary_url_confirmed	R2.12	current_r3_direct	M-core-security_inventory	provenance/owasp-agentic-agentdojo.md
owasp-secure-mcp-server-guide	primary_url_confirmed	R2.12	current_r3_direct	M-sec-taint_map	provenance/owasp-agentic-agentdojo.md
owasp-secure-mcp-server-guide	primary_url_confirmed	R2.12	current_r3_direct	M-sec-worker_sandbox_policy	provenance/owasp-agentic-agentdojo.md
owasp-secure-mcp-server-guide	primary_url_confirmed	R2.12	current_r3_direct	M-sec-spend_ledger	provenance/owasp-agentic-agentdojo.md
owasp-secure-mcp-server-guide	primary_url_confirmed	R2.12	current_r3_direct	M-sec-local_ui_policy	provenance/owasp-agentic-agentdojo.md
owasp-secure-mcp-server-guide	primary_url_confirmed	R2.12	current_r3_direct	M-sec-supply_chain_attestation	provenance/owasp-agentic-agentdojo.md
owasp-secure-mcp-server-guide	primary_url_confirmed	R2.12	current_r3_direct	M-sec-aibom_manifest	provenance/owasp-agentic-agentdojo.md
owasp-secure-mcp-server-guide	primary_url_confirmed	R2.12	current_r3_direct	M-proto-mcp_adapter_manifest	provenance/owasp-agentic-agentdojo.md
owasp-secure-mcp-server-guide	primary_url_confirmed	R2.12	current_r3_direct	M-proto-mcp_tool_inventory	provenance/owasp-agentic-agentdojo.md
owasp-secure-mcp-server-guide	primary_url_confirmed	R2.12	current_r3_direct	M-proto-a2a_peer_manifest	provenance/owasp-agentic-agentdojo.md
owasp-secure-mcp-server-guide	primary_url_confirmed	R2.12	current_r3_direct	INV-1	provenance/owasp-agentic-agentdojo.md
owasp-secure-mcp-server-guide	primary_url_confirmed	R2.12	current_r3_direct	INV-3	provenance/owasp-agentic-agentdojo.md
owasp-secure-mcp-server-guide	primary_url_confirmed	R2.12	current_r3_direct	INV-4	provenance/owasp-agentic-agentdojo.md
owasp-secure-mcp-server-guide	primary_url_confirmed	R2.12	current_r3_direct	INV-5	provenance/owasp-agentic-agentdojo.md
owasp-secure-mcp-server-guide	primary_url_confirmed	R2.12	current_r3_direct	INV-6	provenance/owasp-agentic-agentdojo.md
owasp-secure-mcp-server-guide	primary_url_confirmed	R2.12	current_r3_direct	INV-8	provenance/owasp-agentic-agentdojo.md
owasp-secure-mcp-server-guide	primary_url_confirmed	R2.12	current_r3_direct	INV-9	provenance/owasp-agentic-agentdojo.md
owasp-secure-mcp-server-guide	primary_url_confirmed	R2.12	current_r3_direct	INV-14	provenance/owasp-agentic-agentdojo.md
owasp-secure-mcp-server-guide	primary_url_confirmed	R2.12	current_r3_direct	INV-18	provenance/owasp-agentic-agentdojo.md
owasp-secure-mcp-server-guide	primary_url_confirmed	R2.12	current_r3_direct	INV-19	provenance/owasp-agentic-agentdojo.md
owasp-secure-mcp-server-guide	primary_url_confirmed	R2.12	current_r3_direct	INV-20	provenance/owasp-agentic-agentdojo.md
owasp-secure-mcp-server-guide	primary_url_confirmed	R2.12	current_r3_direct	INV-21	provenance/owasp-agentic-agentdojo.md
owasp-secure-mcp-server-guide	primary_url_confirmed	R2.12	current_r3_direct	INV-22	provenance/owasp-agentic-agentdojo.md
owasp-secure-mcp-server-guide	primary_url_confirmed	R2.12	current_r3_direct	INV-23	provenance/owasp-agentic-agentdojo.md
owasp-secure-mcp-server-guide	primary_url_confirmed	R2.12	current_r3_direct	INV-24	provenance/owasp-agentic-agentdojo.md
owasp-secure-mcp-server-guide	primary_url_confirmed	R2.12	current_r3_direct	INV-25	provenance/owasp-agentic-agentdojo.md
owasp-secure-mcp-server-guide	primary_url_confirmed	R2.12	current_r3_direct	INV-26	provenance/owasp-agentic-agentdojo.md
owasp-secure-mcp-server-guide	primary_url_confirmed	F-9	current_r3_direct	C2	provenance/owasp-agentic-agentdojo.md
owasp-secure-mcp-server-guide	primary_url_confirmed	F-9	current_r3_direct	C7	provenance/owasp-agentic-agentdojo.md
owasp-secure-mcp-server-guide	primary_url_confirmed	F-9	current_r3_direct	E-proto-mcp_adapter	provenance/owasp-agentic-agentdojo.md
owasp-secure-mcp-server-guide	primary_url_confirmed	F-9	current_r3_direct	M-proto-mcp_adapter_manifest	provenance/owasp-agentic-agentdojo.md
owasp-secure-mcp-server-guide	primary_url_confirmed	F-9	current_r3_direct	M-proto-mcp_tool_inventory	provenance/owasp-agentic-agentdojo.md
owasp-secure-mcp-server-guide	primary_url_confirmed	F-9	current_r3_direct	R3-PROTO:MCP	provenance/owasp-agentic-agentdojo.md
owasp-secure-mcp-server-guide	primary_url_confirmed	F-9	current_r3_direct	INV-22	provenance/owasp-agentic-agentdojo.md
owasp-third-party-mcp-cheatsheet	primary_url_confirmed	R2.12	current_r3_direct	C6	provenance/owasp-agentic-agentdojo.md
owasp-third-party-mcp-cheatsheet	primary_url_confirmed	R2.12	current_r3_direct	C7	provenance/owasp-agentic-agentdojo.md
owasp-third-party-mcp-cheatsheet	primary_url_confirmed	R2.12	current_r3_direct	M-core-security_inventory	provenance/owasp-agentic-agentdojo.md
owasp-third-party-mcp-cheatsheet	primary_url_confirmed	R2.12	current_r3_direct	M-sec-taint_map	provenance/owasp-agentic-agentdojo.md
owasp-third-party-mcp-cheatsheet	primary_url_confirmed	R2.12	current_r3_direct	M-sec-worker_sandbox_policy	provenance/owasp-agentic-agentdojo.md
owasp-third-party-mcp-cheatsheet	primary_url_confirmed	R2.12	current_r3_direct	M-sec-spend_ledger	provenance/owasp-agentic-agentdojo.md
owasp-third-party-mcp-cheatsheet	primary_url_confirmed	R2.12	current_r3_direct	M-sec-local_ui_policy	provenance/owasp-agentic-agentdojo.md
owasp-third-party-mcp-cheatsheet	primary_url_confirmed	R2.12	current_r3_direct	M-sec-supply_chain_attestation	provenance/owasp-agentic-agentdojo.md
owasp-third-party-mcp-cheatsheet	primary_url_confirmed	R2.12	current_r3_direct	M-sec-aibom_manifest	provenance/owasp-agentic-agentdojo.md
owasp-third-party-mcp-cheatsheet	primary_url_confirmed	R2.12	current_r3_direct	M-proto-mcp_adapter_manifest	provenance/owasp-agentic-agentdojo.md
owasp-third-party-mcp-cheatsheet	primary_url_confirmed	R2.12	current_r3_direct	M-proto-mcp_tool_inventory	provenance/owasp-agentic-agentdojo.md
owasp-third-party-mcp-cheatsheet	primary_url_confirmed	R2.12	current_r3_direct	M-proto-a2a_peer_manifest	provenance/owasp-agentic-agentdojo.md
owasp-third-party-mcp-cheatsheet	primary_url_confirmed	R2.12	current_r3_direct	INV-1	provenance/owasp-agentic-agentdojo.md
owasp-third-party-mcp-cheatsheet	primary_url_confirmed	R2.12	current_r3_direct	INV-3	provenance/owasp-agentic-agentdojo.md
owasp-third-party-mcp-cheatsheet	primary_url_confirmed	R2.12	current_r3_direct	INV-4	provenance/owasp-agentic-agentdojo.md
owasp-third-party-mcp-cheatsheet	primary_url_confirmed	R2.12	current_r3_direct	INV-5	provenance/owasp-agentic-agentdojo.md
owasp-third-party-mcp-cheatsheet	primary_url_confirmed	R2.12	current_r3_direct	INV-6	provenance/owasp-agentic-agentdojo.md
owasp-third-party-mcp-cheatsheet	primary_url_confirmed	R2.12	current_r3_direct	INV-8	provenance/owasp-agentic-agentdojo.md
owasp-third-party-mcp-cheatsheet	primary_url_confirmed	R2.12	current_r3_direct	INV-9	provenance/owasp-agentic-agentdojo.md
owasp-third-party-mcp-cheatsheet	primary_url_confirmed	R2.12	current_r3_direct	INV-14	provenance/owasp-agentic-agentdojo.md
owasp-third-party-mcp-cheatsheet	primary_url_confirmed	R2.12	current_r3_direct	INV-18	provenance/owasp-agentic-agentdojo.md
owasp-third-party-mcp-cheatsheet	primary_url_confirmed	R2.12	current_r3_direct	INV-19	provenance/owasp-agentic-agentdojo.md
owasp-third-party-mcp-cheatsheet	primary_url_confirmed	R2.12	current_r3_direct	INV-20	provenance/owasp-agentic-agentdojo.md
owasp-third-party-mcp-cheatsheet	primary_url_confirmed	R2.12	current_r3_direct	INV-21	provenance/owasp-agentic-agentdojo.md
owasp-third-party-mcp-cheatsheet	primary_url_confirmed	R2.12	current_r3_direct	INV-22	provenance/owasp-agentic-agentdojo.md
owasp-third-party-mcp-cheatsheet	primary_url_confirmed	R2.12	current_r3_direct	INV-23	provenance/owasp-agentic-agentdojo.md
owasp-third-party-mcp-cheatsheet	primary_url_confirmed	R2.12	current_r3_direct	INV-24	provenance/owasp-agentic-agentdojo.md
owasp-third-party-mcp-cheatsheet	primary_url_confirmed	R2.12	current_r3_direct	INV-25	provenance/owasp-agentic-agentdojo.md
owasp-third-party-mcp-cheatsheet	primary_url_confirmed	R2.12	current_r3_direct	INV-26	provenance/owasp-agentic-agentdojo.md
owasp-third-party-mcp-cheatsheet	primary_url_confirmed	F-9	current_r3_direct	C2	provenance/owasp-agentic-agentdojo.md
owasp-third-party-mcp-cheatsheet	primary_url_confirmed	F-9	current_r3_direct	C7	provenance/owasp-agentic-agentdojo.md
owasp-third-party-mcp-cheatsheet	primary_url_confirmed	F-9	current_r3_direct	E-proto-mcp_adapter	provenance/owasp-agentic-agentdojo.md
owasp-third-party-mcp-cheatsheet	primary_url_confirmed	F-9	current_r3_direct	M-proto-mcp_adapter_manifest	provenance/owasp-agentic-agentdojo.md
owasp-third-party-mcp-cheatsheet	primary_url_confirmed	F-9	current_r3_direct	M-proto-mcp_tool_inventory	provenance/owasp-agentic-agentdojo.md
owasp-third-party-mcp-cheatsheet	primary_url_confirmed	F-9	current_r3_direct	R3-PROTO:MCP	provenance/owasp-agentic-agentdojo.md
owasp-third-party-mcp-cheatsheet	primary_url_confirmed	F-9	current_r3_direct	INV-22	provenance/owasp-agentic-agentdojo.md
owasp-aiuc-crosswalk-download	manual_provenance_required	R2.12	current_r3_direct	C6	provenance/owasp-agentic-agentdojo.md
owasp-aiuc-crosswalk-download	manual_provenance_required	R2.12	current_r3_direct	C7	provenance/owasp-agentic-agentdojo.md
owasp-aiuc-crosswalk-download	manual_provenance_required	R2.12	current_r3_direct	M-core-security_inventory	provenance/owasp-agentic-agentdojo.md
owasp-aiuc-crosswalk-download	manual_provenance_required	R2.12	current_r3_direct	M-sec-taint_map	provenance/owasp-agentic-agentdojo.md
owasp-aiuc-crosswalk-download	manual_provenance_required	R2.12	current_r3_direct	M-sec-worker_sandbox_policy	provenance/owasp-agentic-agentdojo.md
owasp-aiuc-crosswalk-download	manual_provenance_required	R2.12	current_r3_direct	M-sec-spend_ledger	provenance/owasp-agentic-agentdojo.md
owasp-aiuc-crosswalk-download	manual_provenance_required	R2.12	current_r3_direct	M-sec-local_ui_policy	provenance/owasp-agentic-agentdojo.md
owasp-aiuc-crosswalk-download	manual_provenance_required	R2.12	current_r3_direct	M-sec-supply_chain_attestation	provenance/owasp-agentic-agentdojo.md
owasp-aiuc-crosswalk-download	manual_provenance_required	R2.12	current_r3_direct	M-sec-aibom_manifest	provenance/owasp-agentic-agentdojo.md
owasp-aiuc-crosswalk-download	manual_provenance_required	R2.12	current_r3_direct	M-proto-mcp_adapter_manifest	provenance/owasp-agentic-agentdojo.md
owasp-aiuc-crosswalk-download	manual_provenance_required	R2.12	current_r3_direct	M-proto-mcp_tool_inventory	provenance/owasp-agentic-agentdojo.md
owasp-aiuc-crosswalk-download	manual_provenance_required	R2.12	current_r3_direct	M-proto-a2a_peer_manifest	provenance/owasp-agentic-agentdojo.md
owasp-aiuc-crosswalk-download	manual_provenance_required	R2.12	current_r3_direct	INV-1	provenance/owasp-agentic-agentdojo.md
owasp-aiuc-crosswalk-download	manual_provenance_required	R2.12	current_r3_direct	INV-3	provenance/owasp-agentic-agentdojo.md
owasp-aiuc-crosswalk-download	manual_provenance_required	R2.12	current_r3_direct	INV-4	provenance/owasp-agentic-agentdojo.md
owasp-aiuc-crosswalk-download	manual_provenance_required	R2.12	current_r3_direct	INV-5	provenance/owasp-agentic-agentdojo.md
owasp-aiuc-crosswalk-download	manual_provenance_required	R2.12	current_r3_direct	INV-6	provenance/owasp-agentic-agentdojo.md
owasp-aiuc-crosswalk-download	manual_provenance_required	R2.12	current_r3_direct	INV-8	provenance/owasp-agentic-agentdojo.md
owasp-aiuc-crosswalk-download	manual_provenance_required	R2.12	current_r3_direct	INV-9	provenance/owasp-agentic-agentdojo.md
owasp-aiuc-crosswalk-download	manual_provenance_required	R2.12	current_r3_direct	INV-14	provenance/owasp-agentic-agentdojo.md
owasp-aiuc-crosswalk-download	manual_provenance_required	R2.12	current_r3_direct	INV-18	provenance/owasp-agentic-agentdojo.md
owasp-aiuc-crosswalk-download	manual_provenance_required	R2.12	current_r3_direct	INV-19	provenance/owasp-agentic-agentdojo.md
owasp-aiuc-crosswalk-download	manual_provenance_required	R2.12	current_r3_direct	INV-20	provenance/owasp-agentic-agentdojo.md
owasp-aiuc-crosswalk-download	manual_provenance_required	R2.12	current_r3_direct	INV-21	provenance/owasp-agentic-agentdojo.md
owasp-aiuc-crosswalk-download	manual_provenance_required	R2.12	current_r3_direct	INV-22	provenance/owasp-agentic-agentdojo.md
owasp-aiuc-crosswalk-download	manual_provenance_required	R2.12	current_r3_direct	INV-23	provenance/owasp-agentic-agentdojo.md
owasp-aiuc-crosswalk-download	manual_provenance_required	R2.12	current_r3_direct	INV-24	provenance/owasp-agentic-agentdojo.md
owasp-aiuc-crosswalk-download	manual_provenance_required	R2.12	current_r3_direct	INV-25	provenance/owasp-agentic-agentdojo.md
owasp-aiuc-crosswalk-download	manual_provenance_required	R2.12	current_r3_direct	INV-26	provenance/owasp-agentic-agentdojo.md
owasp-aiuc-crosswalk-download	manual_provenance_required	F-7	current_r3_direct	R3.9:OWASP_Agentic_2026	provenance/owasp-agentic-agentdojo.md
owasp-aiuc-crosswalk-download	manual_provenance_required	F-7	current_r3_direct	INV-1	provenance/owasp-agentic-agentdojo.md
owasp-aiuc-crosswalk-download	manual_provenance_required	F-7	current_r3_direct	INV-3	provenance/owasp-agentic-agentdojo.md
owasp-aiuc-crosswalk-download	manual_provenance_required	F-7	current_r3_direct	INV-4	provenance/owasp-agentic-agentdojo.md
owasp-aiuc-crosswalk-download	manual_provenance_required	F-7	current_r3_direct	INV-8	provenance/owasp-agentic-agentdojo.md
owasp-aiuc-crosswalk-download	manual_provenance_required	F-7	current_r3_direct	INV-9	provenance/owasp-agentic-agentdojo.md
owasp-aiuc-crosswalk-download	manual_provenance_required	F-7	current_r3_direct	INV-14	provenance/owasp-agentic-agentdojo.md
owasp-aiuc-crosswalk-download	manual_provenance_required	F-7	current_r3_direct	INV-18	provenance/owasp-agentic-agentdojo.md
owasp-aiuc-crosswalk-download	manual_provenance_required	F-7	current_r3_direct	INV-23	provenance/owasp-agentic-agentdojo.md
owasp-aiuc-crosswalk-download	manual_provenance_required	F-7	current_r3_direct	INV-25	provenance/owasp-agentic-agentdojo.md
owasp-aivss-crosswalk-file	related_primary_url_confirmed	R2.12	current_r3_direct	C6	provenance/owasp-agentic-agentdojo.md
owasp-aivss-crosswalk-file	related_primary_url_confirmed	R2.12	current_r3_direct	C7	provenance/owasp-agentic-agentdojo.md
owasp-aivss-crosswalk-file	related_primary_url_confirmed	R2.12	current_r3_direct	M-core-security_inventory	provenance/owasp-agentic-agentdojo.md
owasp-aivss-crosswalk-file	related_primary_url_confirmed	R2.12	current_r3_direct	M-sec-taint_map	provenance/owasp-agentic-agentdojo.md
owasp-aivss-crosswalk-file	related_primary_url_confirmed	R2.12	current_r3_direct	M-sec-worker_sandbox_policy	provenance/owasp-agentic-agentdojo.md
owasp-aivss-crosswalk-file	related_primary_url_confirmed	R2.12	current_r3_direct	M-sec-spend_ledger	provenance/owasp-agentic-agentdojo.md
owasp-aivss-crosswalk-file	related_primary_url_confirmed	R2.12	current_r3_direct	M-sec-local_ui_policy	provenance/owasp-agentic-agentdojo.md
owasp-aivss-crosswalk-file	related_primary_url_confirmed	R2.12	current_r3_direct	M-sec-supply_chain_attestation	provenance/owasp-agentic-agentdojo.md
owasp-aivss-crosswalk-file	related_primary_url_confirmed	R2.12	current_r3_direct	M-sec-aibom_manifest	provenance/owasp-agentic-agentdojo.md
owasp-aivss-crosswalk-file	related_primary_url_confirmed	R2.12	current_r3_direct	M-proto-mcp_adapter_manifest	provenance/owasp-agentic-agentdojo.md
owasp-aivss-crosswalk-file	related_primary_url_confirmed	R2.12	current_r3_direct	M-proto-mcp_tool_inventory	provenance/owasp-agentic-agentdojo.md
owasp-aivss-crosswalk-file	related_primary_url_confirmed	R2.12	current_r3_direct	M-proto-a2a_peer_manifest	provenance/owasp-agentic-agentdojo.md
owasp-aivss-crosswalk-file	related_primary_url_confirmed	R2.12	current_r3_direct	INV-1	provenance/owasp-agentic-agentdojo.md
owasp-aivss-crosswalk-file	related_primary_url_confirmed	R2.12	current_r3_direct	INV-3	provenance/owasp-agentic-agentdojo.md
owasp-aivss-crosswalk-file	related_primary_url_confirmed	R2.12	current_r3_direct	INV-4	provenance/owasp-agentic-agentdojo.md
owasp-aivss-crosswalk-file	related_primary_url_confirmed	R2.12	current_r3_direct	INV-5	provenance/owasp-agentic-agentdojo.md
owasp-aivss-crosswalk-file	related_primary_url_confirmed	R2.12	current_r3_direct	INV-6	provenance/owasp-agentic-agentdojo.md
owasp-aivss-crosswalk-file	related_primary_url_confirmed	R2.12	current_r3_direct	INV-8	provenance/owasp-agentic-agentdojo.md
owasp-aivss-crosswalk-file	related_primary_url_confirmed	R2.12	current_r3_direct	INV-9	provenance/owasp-agentic-agentdojo.md
owasp-aivss-crosswalk-file	related_primary_url_confirmed	R2.12	current_r3_direct	INV-14	provenance/owasp-agentic-agentdojo.md
owasp-aivss-crosswalk-file	related_primary_url_confirmed	R2.12	current_r3_direct	INV-18	provenance/owasp-agentic-agentdojo.md
owasp-aivss-crosswalk-file	related_primary_url_confirmed	R2.12	current_r3_direct	INV-19	provenance/owasp-agentic-agentdojo.md
owasp-aivss-crosswalk-file	related_primary_url_confirmed	R2.12	current_r3_direct	INV-20	provenance/owasp-agentic-agentdojo.md
owasp-aivss-crosswalk-file	related_primary_url_confirmed	R2.12	current_r3_direct	INV-21	provenance/owasp-agentic-agentdojo.md
owasp-aivss-crosswalk-file	related_primary_url_confirmed	R2.12	current_r3_direct	INV-22	provenance/owasp-agentic-agentdojo.md
owasp-aivss-crosswalk-file	related_primary_url_confirmed	R2.12	current_r3_direct	INV-23	provenance/owasp-agentic-agentdojo.md
owasp-aivss-crosswalk-file	related_primary_url_confirmed	R2.12	current_r3_direct	INV-24	provenance/owasp-agentic-agentdojo.md
owasp-aivss-crosswalk-file	related_primary_url_confirmed	R2.12	current_r3_direct	INV-25	provenance/owasp-agentic-agentdojo.md
owasp-aivss-crosswalk-file	related_primary_url_confirmed	R2.12	current_r3_direct	INV-26	provenance/owasp-agentic-agentdojo.md
owasp-aivss-crosswalk-dashboard	related_primary_url_confirmed	R2.12	current_r3_direct	C6	provenance/owasp-agentic-agentdojo.md
owasp-aivss-crosswalk-dashboard	related_primary_url_confirmed	R2.12	current_r3_direct	C7	provenance/owasp-agentic-agentdojo.md
owasp-aivss-crosswalk-dashboard	related_primary_url_confirmed	R2.12	current_r3_direct	M-core-security_inventory	provenance/owasp-agentic-agentdojo.md
owasp-aivss-crosswalk-dashboard	related_primary_url_confirmed	R2.12	current_r3_direct	M-sec-taint_map	provenance/owasp-agentic-agentdojo.md
owasp-aivss-crosswalk-dashboard	related_primary_url_confirmed	R2.12	current_r3_direct	M-sec-worker_sandbox_policy	provenance/owasp-agentic-agentdojo.md
owasp-aivss-crosswalk-dashboard	related_primary_url_confirmed	R2.12	current_r3_direct	M-sec-spend_ledger	provenance/owasp-agentic-agentdojo.md
owasp-aivss-crosswalk-dashboard	related_primary_url_confirmed	R2.12	current_r3_direct	M-sec-local_ui_policy	provenance/owasp-agentic-agentdojo.md
owasp-aivss-crosswalk-dashboard	related_primary_url_confirmed	R2.12	current_r3_direct	M-sec-supply_chain_attestation	provenance/owasp-agentic-agentdojo.md
owasp-aivss-crosswalk-dashboard	related_primary_url_confirmed	R2.12	current_r3_direct	M-sec-aibom_manifest	provenance/owasp-agentic-agentdojo.md
owasp-aivss-crosswalk-dashboard	related_primary_url_confirmed	R2.12	current_r3_direct	M-proto-mcp_adapter_manifest	provenance/owasp-agentic-agentdojo.md
owasp-aivss-crosswalk-dashboard	related_primary_url_confirmed	R2.12	current_r3_direct	M-proto-mcp_tool_inventory	provenance/owasp-agentic-agentdojo.md
owasp-aivss-crosswalk-dashboard	related_primary_url_confirmed	R2.12	current_r3_direct	M-proto-a2a_peer_manifest	provenance/owasp-agentic-agentdojo.md
owasp-aivss-crosswalk-dashboard	related_primary_url_confirmed	R2.12	current_r3_direct	INV-1	provenance/owasp-agentic-agentdojo.md
owasp-aivss-crosswalk-dashboard	related_primary_url_confirmed	R2.12	current_r3_direct	INV-3	provenance/owasp-agentic-agentdojo.md
owasp-aivss-crosswalk-dashboard	related_primary_url_confirmed	R2.12	current_r3_direct	INV-4	provenance/owasp-agentic-agentdojo.md
owasp-aivss-crosswalk-dashboard	related_primary_url_confirmed	R2.12	current_r3_direct	INV-5	provenance/owasp-agentic-agentdojo.md
owasp-aivss-crosswalk-dashboard	related_primary_url_confirmed	R2.12	current_r3_direct	INV-6	provenance/owasp-agentic-agentdojo.md
owasp-aivss-crosswalk-dashboard	related_primary_url_confirmed	R2.12	current_r3_direct	INV-8	provenance/owasp-agentic-agentdojo.md
owasp-aivss-crosswalk-dashboard	related_primary_url_confirmed	R2.12	current_r3_direct	INV-9	provenance/owasp-agentic-agentdojo.md
owasp-aivss-crosswalk-dashboard	related_primary_url_confirmed	R2.12	current_r3_direct	INV-14	provenance/owasp-agentic-agentdojo.md
owasp-aivss-crosswalk-dashboard	related_primary_url_confirmed	R2.12	current_r3_direct	INV-18	provenance/owasp-agentic-agentdojo.md
owasp-aivss-crosswalk-dashboard	related_primary_url_confirmed	R2.12	current_r3_direct	INV-19	provenance/owasp-agentic-agentdojo.md
owasp-aivss-crosswalk-dashboard	related_primary_url_confirmed	R2.12	current_r3_direct	INV-20	provenance/owasp-agentic-agentdojo.md
owasp-aivss-crosswalk-dashboard	related_primary_url_confirmed	R2.12	current_r3_direct	INV-21	provenance/owasp-agentic-agentdojo.md
owasp-aivss-crosswalk-dashboard	related_primary_url_confirmed	R2.12	current_r3_direct	INV-22	provenance/owasp-agentic-agentdojo.md
owasp-aivss-crosswalk-dashboard	related_primary_url_confirmed	R2.12	current_r3_direct	INV-23	provenance/owasp-agentic-agentdojo.md
owasp-aivss-crosswalk-dashboard	related_primary_url_confirmed	R2.12	current_r3_direct	INV-24	provenance/owasp-agentic-agentdojo.md
owasp-aivss-crosswalk-dashboard	related_primary_url_confirmed	R2.12	current_r3_direct	INV-25	provenance/owasp-agentic-agentdojo.md
owasp-aivss-crosswalk-dashboard	related_primary_url_confirmed	R2.12	current_r3_direct	INV-26	provenance/owasp-agentic-agentdojo.md
mcp-released-authorization	primary_url_confirmed	F-9	current_r3_direct	C2	provenance/protocol-runtime.md
mcp-released-authorization	primary_url_confirmed	F-9	current_r3_direct	C7	provenance/protocol-runtime.md
mcp-released-authorization	primary_url_confirmed	F-9	current_r3_direct	E-proto-mcp_adapter	provenance/protocol-runtime.md
mcp-released-authorization	primary_url_confirmed	F-9	current_r3_direct	M-proto-mcp_adapter_manifest	provenance/protocol-runtime.md
mcp-released-authorization	primary_url_confirmed	F-9	current_r3_direct	M-proto-mcp_tool_inventory	provenance/protocol-runtime.md
mcp-released-authorization	primary_url_confirmed	F-9	current_r3_direct	R3-PROTO:MCP	provenance/protocol-runtime.md
mcp-released-authorization	primary_url_confirmed	F-9	current_r3_direct	INV-22	provenance/protocol-runtime.md
mcp-released-authorization	primary_url_confirmed	R2.12	current_r3_direct	C6	provenance/protocol-runtime.md
mcp-released-authorization	primary_url_confirmed	R2.12	current_r3_direct	C7	provenance/protocol-runtime.md
mcp-released-authorization	primary_url_confirmed	R2.12	current_r3_direct	M-core-security_inventory	provenance/protocol-runtime.md
mcp-released-authorization	primary_url_confirmed	R2.12	current_r3_direct	M-sec-taint_map	provenance/protocol-runtime.md
mcp-released-authorization	primary_url_confirmed	R2.12	current_r3_direct	M-sec-worker_sandbox_policy	provenance/protocol-runtime.md
mcp-released-authorization	primary_url_confirmed	R2.12	current_r3_direct	M-sec-spend_ledger	provenance/protocol-runtime.md
mcp-released-authorization	primary_url_confirmed	R2.12	current_r3_direct	M-sec-local_ui_policy	provenance/protocol-runtime.md
mcp-released-authorization	primary_url_confirmed	R2.12	current_r3_direct	M-sec-supply_chain_attestation	provenance/protocol-runtime.md
mcp-released-authorization	primary_url_confirmed	R2.12	current_r3_direct	M-sec-aibom_manifest	provenance/protocol-runtime.md
mcp-released-authorization	primary_url_confirmed	R2.12	current_r3_direct	M-proto-mcp_adapter_manifest	provenance/protocol-runtime.md
mcp-released-authorization	primary_url_confirmed	R2.12	current_r3_direct	M-proto-mcp_tool_inventory	provenance/protocol-runtime.md
mcp-released-authorization	primary_url_confirmed	R2.12	current_r3_direct	M-proto-a2a_peer_manifest	provenance/protocol-runtime.md
mcp-released-authorization	primary_url_confirmed	R2.12	current_r3_direct	INV-1	provenance/protocol-runtime.md
mcp-released-authorization	primary_url_confirmed	R2.12	current_r3_direct	INV-3	provenance/protocol-runtime.md
mcp-released-authorization	primary_url_confirmed	R2.12	current_r3_direct	INV-4	provenance/protocol-runtime.md
mcp-released-authorization	primary_url_confirmed	R2.12	current_r3_direct	INV-5	provenance/protocol-runtime.md
mcp-released-authorization	primary_url_confirmed	R2.12	current_r3_direct	INV-6	provenance/protocol-runtime.md
mcp-released-authorization	primary_url_confirmed	R2.12	current_r3_direct	INV-8	provenance/protocol-runtime.md
mcp-released-authorization	primary_url_confirmed	R2.12	current_r3_direct	INV-9	provenance/protocol-runtime.md
mcp-released-authorization	primary_url_confirmed	R2.12	current_r3_direct	INV-14	provenance/protocol-runtime.md
mcp-released-authorization	primary_url_confirmed	R2.12	current_r3_direct	INV-18	provenance/protocol-runtime.md
mcp-released-authorization	primary_url_confirmed	R2.12	current_r3_direct	INV-19	provenance/protocol-runtime.md
mcp-released-authorization	primary_url_confirmed	R2.12	current_r3_direct	INV-20	provenance/protocol-runtime.md
mcp-released-authorization	primary_url_confirmed	R2.12	current_r3_direct	INV-21	provenance/protocol-runtime.md
mcp-released-authorization	primary_url_confirmed	R2.12	current_r3_direct	INV-22	provenance/protocol-runtime.md
mcp-released-authorization	primary_url_confirmed	R2.12	current_r3_direct	INV-23	provenance/protocol-runtime.md
mcp-released-authorization	primary_url_confirmed	R2.12	current_r3_direct	INV-24	provenance/protocol-runtime.md
mcp-released-authorization	primary_url_confirmed	R2.12	current_r3_direct	INV-25	provenance/protocol-runtime.md
mcp-released-authorization	primary_url_confirmed	R2.12	current_r3_direct	INV-26	provenance/protocol-runtime.md
mcp-released-auth-security	primary_url_confirmed	F-9	current_r3_direct	C2	provenance/protocol-runtime.md
mcp-released-auth-security	primary_url_confirmed	F-9	current_r3_direct	C7	provenance/protocol-runtime.md
mcp-released-auth-security	primary_url_confirmed	F-9	current_r3_direct	E-proto-mcp_adapter	provenance/protocol-runtime.md
mcp-released-auth-security	primary_url_confirmed	F-9	current_r3_direct	M-proto-mcp_adapter_manifest	provenance/protocol-runtime.md
mcp-released-auth-security	primary_url_confirmed	F-9	current_r3_direct	M-proto-mcp_tool_inventory	provenance/protocol-runtime.md
mcp-released-auth-security	primary_url_confirmed	F-9	current_r3_direct	R3-PROTO:MCP	provenance/protocol-runtime.md
mcp-released-auth-security	primary_url_confirmed	F-9	current_r3_direct	INV-22	provenance/protocol-runtime.md
mcp-released-auth-security	primary_url_confirmed	R2.12	current_r3_direct	C6	provenance/protocol-runtime.md
mcp-released-auth-security	primary_url_confirmed	R2.12	current_r3_direct	C7	provenance/protocol-runtime.md
mcp-released-auth-security	primary_url_confirmed	R2.12	current_r3_direct	M-core-security_inventory	provenance/protocol-runtime.md
mcp-released-auth-security	primary_url_confirmed	R2.12	current_r3_direct	M-sec-taint_map	provenance/protocol-runtime.md
mcp-released-auth-security	primary_url_confirmed	R2.12	current_r3_direct	M-sec-worker_sandbox_policy	provenance/protocol-runtime.md
mcp-released-auth-security	primary_url_confirmed	R2.12	current_r3_direct	M-sec-spend_ledger	provenance/protocol-runtime.md
mcp-released-auth-security	primary_url_confirmed	R2.12	current_r3_direct	M-sec-local_ui_policy	provenance/protocol-runtime.md
mcp-released-auth-security	primary_url_confirmed	R2.12	current_r3_direct	M-sec-supply_chain_attestation	provenance/protocol-runtime.md
mcp-released-auth-security	primary_url_confirmed	R2.12	current_r3_direct	M-sec-aibom_manifest	provenance/protocol-runtime.md
mcp-released-auth-security	primary_url_confirmed	R2.12	current_r3_direct	M-proto-mcp_adapter_manifest	provenance/protocol-runtime.md
mcp-released-auth-security	primary_url_confirmed	R2.12	current_r3_direct	M-proto-mcp_tool_inventory	provenance/protocol-runtime.md
mcp-released-auth-security	primary_url_confirmed	R2.12	current_r3_direct	M-proto-a2a_peer_manifest	provenance/protocol-runtime.md
mcp-released-auth-security	primary_url_confirmed	R2.12	current_r3_direct	INV-1	provenance/protocol-runtime.md
mcp-released-auth-security	primary_url_confirmed	R2.12	current_r3_direct	INV-3	provenance/protocol-runtime.md
mcp-released-auth-security	primary_url_confirmed	R2.12	current_r3_direct	INV-4	provenance/protocol-runtime.md
mcp-released-auth-security	primary_url_confirmed	R2.12	current_r3_direct	INV-5	provenance/protocol-runtime.md
mcp-released-auth-security	primary_url_confirmed	R2.12	current_r3_direct	INV-6	provenance/protocol-runtime.md
mcp-released-auth-security	primary_url_confirmed	R2.12	current_r3_direct	INV-8	provenance/protocol-runtime.md
mcp-released-auth-security	primary_url_confirmed	R2.12	current_r3_direct	INV-9	provenance/protocol-runtime.md
mcp-released-auth-security	primary_url_confirmed	R2.12	current_r3_direct	INV-14	provenance/protocol-runtime.md
mcp-released-auth-security	primary_url_confirmed	R2.12	current_r3_direct	INV-18	provenance/protocol-runtime.md
mcp-released-auth-security	primary_url_confirmed	R2.12	current_r3_direct	INV-19	provenance/protocol-runtime.md
mcp-released-auth-security	primary_url_confirmed	R2.12	current_r3_direct	INV-20	provenance/protocol-runtime.md
mcp-released-auth-security	primary_url_confirmed	R2.12	current_r3_direct	INV-21	provenance/protocol-runtime.md
mcp-released-auth-security	primary_url_confirmed	R2.12	current_r3_direct	INV-22	provenance/protocol-runtime.md
mcp-released-auth-security	primary_url_confirmed	R2.12	current_r3_direct	INV-23	provenance/protocol-runtime.md
mcp-released-auth-security	primary_url_confirmed	R2.12	current_r3_direct	INV-24	provenance/protocol-runtime.md
mcp-released-auth-security	primary_url_confirmed	R2.12	current_r3_direct	INV-25	provenance/protocol-runtime.md
mcp-released-auth-security	primary_url_confirmed	R2.12	current_r3_direct	INV-26	provenance/protocol-runtime.md
a2a-definitions	primary_url_confirmed	F-3	current_r3_direct	C4	provenance/protocol-runtime.md
a2a-definitions	primary_url_confirmed	F-3	current_r3_direct	C7	provenance/protocol-runtime.md
a2a-definitions	primary_url_confirmed	F-3	current_r3_direct	E-proto-a2a_adapter	provenance/protocol-runtime.md
a2a-definitions	primary_url_confirmed	F-3	current_r3_direct	M-proto-a2a_peer_manifest	provenance/protocol-runtime.md
a2a-definitions	primary_url_confirmed	F-3	current_r3_direct	CAP-external_agent_task	provenance/protocol-runtime.md
a2a-definitions	primary_url_confirmed	F-3	current_r3_direct	R3-PROTO:A2A	provenance/protocol-runtime.md
a2a-definitions	primary_url_confirmed	F-3	current_r3_direct	INV-23	provenance/protocol-runtime.md
ag-ui-core-events-reference	primary_url_confirmed	F-2	current_r3_direct	C5	provenance/protocol-runtime.md
ag-ui-core-events-reference	primary_url_confirmed	F-2	current_r3_direct	C7	provenance/protocol-runtime.md
ag-ui-core-events-reference	primary_url_confirmed	F-2	current_r3_direct	E-proto-agui_event_surface	provenance/protocol-runtime.md
ag-ui-core-events-reference	primary_url_confirmed	F-2	current_r3_direct	M-proto-agui_event_manifest	provenance/protocol-runtime.md
ag-ui-core-events-reference	primary_url_confirmed	F-2	current_r3_direct	M-core-ui_session	provenance/protocol-runtime.md
ag-ui-core-events-reference	primary_url_confirmed	F-2	current_r3_direct	R3-PROTO:AG-UI	provenance/protocol-runtime.md
ag-ui-core-events-reference	primary_url_confirmed	F-2	current_r3_direct	INV-21	provenance/protocol-runtime.md
ag-ui-core-types-reference	primary_url_confirmed	F-2	current_r3_direct	C5	provenance/protocol-runtime.md
ag-ui-core-types-reference	primary_url_confirmed	F-2	current_r3_direct	C7	provenance/protocol-runtime.md
ag-ui-core-types-reference	primary_url_confirmed	F-2	current_r3_direct	E-proto-agui_event_surface	provenance/protocol-runtime.md
ag-ui-core-types-reference	primary_url_confirmed	F-2	current_r3_direct	M-proto-agui_event_manifest	provenance/protocol-runtime.md
ag-ui-core-types-reference	primary_url_confirmed	F-2	current_r3_direct	M-core-ui_session	provenance/protocol-runtime.md
ag-ui-core-types-reference	primary_url_confirmed	F-2	current_r3_direct	R3-PROTO:AG-UI	provenance/protocol-runtime.md
ag-ui-core-types-reference	primary_url_confirmed	F-2	current_r3_direct	INV-21	provenance/protocol-runtime.md
cyclonedx-old-ai-bom-404	retired_404_replaced	F-13	current_r3_direct	C6	provenance/cyclonedx-spdx.md
cyclonedx-old-ai-bom-404	retired_404_replaced	F-13	current_r3_direct	M-sec-aibom_manifest	provenance/cyclonedx-spdx.md
cyclonedx-old-ai-bom-404	retired_404_replaced	F-13	current_r3_direct	M-sec-supply_chain_attestation	provenance/cyclonedx-spdx.md
cyclonedx-old-ai-bom-404	retired_404_replaced	F-13	current_r3_direct	INV-14	provenance/cyclonedx-spdx.md
cyclonedx-old-ai-bom-404	retired_404_replaced	F-13	current_r3_direct	INV-24	provenance/cyclonedx-spdx.md
cyclonedx-bom-1-7-schema	primary_schema_confirmed	F-13	current_r3_direct	C6	provenance/cyclonedx-spdx.md
cyclonedx-bom-1-7-schema	primary_schema_confirmed	F-13	current_r3_direct	M-sec-aibom_manifest	provenance/cyclonedx-spdx.md
cyclonedx-bom-1-7-schema	primary_schema_confirmed	F-13	current_r3_direct	M-sec-supply_chain_attestation	provenance/cyclonedx-spdx.md
cyclonedx-bom-1-7-schema	primary_schema_confirmed	F-13	current_r3_direct	INV-14	provenance/cyclonedx-spdx.md
cyclonedx-bom-1-7-schema	primary_schema_confirmed	F-13	current_r3_direct	INV-24	provenance/cyclonedx-spdx.md
cyclonedx-bom-1-7-schema	primary_schema_confirmed	R2.10	current_r3_direct	C6	provenance/cyclonedx-spdx.md
cyclonedx-bom-1-7-schema	primary_schema_confirmed	R2.10	current_r3_direct	M-core-security_inventory	provenance/cyclonedx-spdx.md
cyclonedx-bom-1-7-schema	primary_schema_confirmed	R2.10	current_r3_direct	M-sec-supply_chain_attestation	provenance/cyclonedx-spdx.md
cyclonedx-bom-1-7-schema	primary_schema_confirmed	R2.10	current_r3_direct	M-sec-aibom_manifest	provenance/cyclonedx-spdx.md
cyclonedx-bom-1-7-schema	primary_schema_confirmed	R2.10	current_r3_direct	M-core-trace_manifest	provenance/cyclonedx-spdx.md
cyclonedx-bom-1-7-schema	primary_schema_confirmed	R2.10	current_r3_direct	INV-14	provenance/cyclonedx-spdx.md
cyclonedx-bom-1-7-schema	primary_schema_confirmed	R2.10	current_r3_direct	INV-24	provenance/cyclonedx-spdx.md
cyclonedx-bom-1-7-schema	primary_schema_confirmed	R2.12	current_r3_direct	C6	provenance/cyclonedx-spdx.md
cyclonedx-bom-1-7-schema	primary_schema_confirmed	R2.12	current_r3_direct	C7	provenance/cyclonedx-spdx.md
cyclonedx-bom-1-7-schema	primary_schema_confirmed	R2.12	current_r3_direct	M-core-security_inventory	provenance/cyclonedx-spdx.md
cyclonedx-bom-1-7-schema	primary_schema_confirmed	R2.12	current_r3_direct	M-sec-taint_map	provenance/cyclonedx-spdx.md
cyclonedx-bom-1-7-schema	primary_schema_confirmed	R2.12	current_r3_direct	M-sec-worker_sandbox_policy	provenance/cyclonedx-spdx.md
cyclonedx-bom-1-7-schema	primary_schema_confirmed	R2.12	current_r3_direct	M-sec-spend_ledger	provenance/cyclonedx-spdx.md
cyclonedx-bom-1-7-schema	primary_schema_confirmed	R2.12	current_r3_direct	M-sec-local_ui_policy	provenance/cyclonedx-spdx.md
cyclonedx-bom-1-7-schema	primary_schema_confirmed	R2.12	current_r3_direct	M-sec-supply_chain_attestation	provenance/cyclonedx-spdx.md
cyclonedx-bom-1-7-schema	primary_schema_confirmed	R2.12	current_r3_direct	M-sec-aibom_manifest	provenance/cyclonedx-spdx.md
cyclonedx-bom-1-7-schema	primary_schema_confirmed	R2.12	current_r3_direct	M-proto-mcp_adapter_manifest	provenance/cyclonedx-spdx.md
cyclonedx-bom-1-7-schema	primary_schema_confirmed	R2.12	current_r3_direct	M-proto-mcp_tool_inventory	provenance/cyclonedx-spdx.md
cyclonedx-bom-1-7-schema	primary_schema_confirmed	R2.12	current_r3_direct	M-proto-a2a_peer_manifest	provenance/cyclonedx-spdx.md
cyclonedx-bom-1-7-schema	primary_schema_confirmed	R2.12	current_r3_direct	INV-1	provenance/cyclonedx-spdx.md
cyclonedx-bom-1-7-schema	primary_schema_confirmed	R2.12	current_r3_direct	INV-3	provenance/cyclonedx-spdx.md
cyclonedx-bom-1-7-schema	primary_schema_confirmed	R2.12	current_r3_direct	INV-4	provenance/cyclonedx-spdx.md
cyclonedx-bom-1-7-schema	primary_schema_confirmed	R2.12	current_r3_direct	INV-5	provenance/cyclonedx-spdx.md
cyclonedx-bom-1-7-schema	primary_schema_confirmed	R2.12	current_r3_direct	INV-6	provenance/cyclonedx-spdx.md
cyclonedx-bom-1-7-schema	primary_schema_confirmed	R2.12	current_r3_direct	INV-8	provenance/cyclonedx-spdx.md
cyclonedx-bom-1-7-schema	primary_schema_confirmed	R2.12	current_r3_direct	INV-9	provenance/cyclonedx-spdx.md
cyclonedx-bom-1-7-schema	primary_schema_confirmed	R2.12	current_r3_direct	INV-14	provenance/cyclonedx-spdx.md
cyclonedx-bom-1-7-schema	primary_schema_confirmed	R2.12	current_r3_direct	INV-18	provenance/cyclonedx-spdx.md
cyclonedx-bom-1-7-schema	primary_schema_confirmed	R2.12	current_r3_direct	INV-19	provenance/cyclonedx-spdx.md
cyclonedx-bom-1-7-schema	primary_schema_confirmed	R2.12	current_r3_direct	INV-20	provenance/cyclonedx-spdx.md
cyclonedx-bom-1-7-schema	primary_schema_confirmed	R2.12	current_r3_direct	INV-21	provenance/cyclonedx-spdx.md
cyclonedx-bom-1-7-schema	primary_schema_confirmed	R2.12	current_r3_direct	INV-22	provenance/cyclonedx-spdx.md
cyclonedx-bom-1-7-schema	primary_schema_confirmed	R2.12	current_r3_direct	INV-23	provenance/cyclonedx-spdx.md
cyclonedx-bom-1-7-schema	primary_schema_confirmed	R2.12	current_r3_direct	INV-24	provenance/cyclonedx-spdx.md
cyclonedx-bom-1-7-schema	primary_schema_confirmed	R2.12	current_r3_direct	INV-25	provenance/cyclonedx-spdx.md
cyclonedx-bom-1-7-schema	primary_schema_confirmed	R2.12	current_r3_direct	INV-26	provenance/cyclonedx-spdx.md
ecma-424-first-edition-pdf	historical_pdf	F-13	current_r3_direct	C6	provenance/cyclonedx-spdx.md
ecma-424-first-edition-pdf	historical_pdf	F-13	current_r3_direct	M-sec-aibom_manifest	provenance/cyclonedx-spdx.md
ecma-424-first-edition-pdf	historical_pdf	F-13	current_r3_direct	M-sec-supply_chain_attestation	provenance/cyclonedx-spdx.md
ecma-424-first-edition-pdf	historical_pdf	F-13	current_r3_direct	INV-14	provenance/cyclonedx-spdx.md
ecma-424-first-edition-pdf	historical_pdf	F-13	current_r3_direct	INV-24	provenance/cyclonedx-spdx.md
spdx-3-model-readme	primary_model_repo_confirmed	F-13	current_r3_direct	C6	provenance/cyclonedx-spdx.md
spdx-3-model-readme	primary_model_repo_confirmed	F-13	current_r3_direct	M-sec-aibom_manifest	provenance/cyclonedx-spdx.md
spdx-3-model-readme	primary_model_repo_confirmed	F-13	current_r3_direct	M-sec-supply_chain_attestation	provenance/cyclonedx-spdx.md
spdx-3-model-readme	primary_model_repo_confirmed	F-13	current_r3_direct	INV-14	provenance/cyclonedx-spdx.md
spdx-3-model-readme	primary_model_repo_confirmed	F-13	current_r3_direct	INV-24	provenance/cyclonedx-spdx.md
spdx-3-model-readme	primary_model_repo_confirmed	R2.10	current_r3_direct	C6	provenance/cyclonedx-spdx.md
spdx-3-model-readme	primary_model_repo_confirmed	R2.10	current_r3_direct	M-core-security_inventory	provenance/cyclonedx-spdx.md
spdx-3-model-readme	primary_model_repo_confirmed	R2.10	current_r3_direct	M-sec-supply_chain_attestation	provenance/cyclonedx-spdx.md
spdx-3-model-readme	primary_model_repo_confirmed	R2.10	current_r3_direct	M-sec-aibom_manifest	provenance/cyclonedx-spdx.md
spdx-3-model-readme	primary_model_repo_confirmed	R2.10	current_r3_direct	M-core-trace_manifest	provenance/cyclonedx-spdx.md
spdx-3-model-readme	primary_model_repo_confirmed	R2.10	current_r3_direct	INV-14	provenance/cyclonedx-spdx.md
spdx-3-model-readme	primary_model_repo_confirmed	R2.10	current_r3_direct	INV-24	provenance/cyclonedx-spdx.md
spdx-3-model-changelog	profile_drift_context	F-13	current_r3_direct	C6	provenance/cyclonedx-spdx.md
spdx-3-model-changelog	profile_drift_context	F-13	current_r3_direct	M-sec-aibom_manifest	provenance/cyclonedx-spdx.md
spdx-3-model-changelog	profile_drift_context	F-13	current_r3_direct	M-sec-supply_chain_attestation	provenance/cyclonedx-spdx.md
spdx-3-model-changelog	profile_drift_context	F-13	current_r3_direct	INV-14	provenance/cyclonedx-spdx.md
spdx-3-model-changelog	profile_drift_context	F-13	current_r3_direct	INV-24	provenance/cyclonedx-spdx.md
syft-scan-targets	primary_url_confirmed	R2.10	current_r3_direct	C6	provenance/supply-chain-runtime.md
syft-scan-targets	primary_url_confirmed	R2.10	current_r3_direct	M-core-security_inventory	provenance/supply-chain-runtime.md
syft-scan-targets	primary_url_confirmed	R2.10	current_r3_direct	M-sec-supply_chain_attestation	provenance/supply-chain-runtime.md
syft-scan-targets	primary_url_confirmed	R2.10	current_r3_direct	M-sec-aibom_manifest	provenance/supply-chain-runtime.md
syft-scan-targets	primary_url_confirmed	R2.10	current_r3_direct	M-core-trace_manifest	provenance/supply-chain-runtime.md
syft-scan-targets	primary_url_confirmed	R2.10	current_r3_direct	INV-14	provenance/supply-chain-runtime.md
syft-scan-targets	primary_url_confirmed	R2.10	current_r3_direct	INV-24	provenance/supply-chain-runtime.md
syft-scan-targets	primary_url_confirmed	R2.12	current_r3_direct	C6	provenance/supply-chain-runtime.md
syft-scan-targets	primary_url_confirmed	R2.12	current_r3_direct	C7	provenance/supply-chain-runtime.md
syft-scan-targets	primary_url_confirmed	R2.12	current_r3_direct	M-core-security_inventory	provenance/supply-chain-runtime.md
syft-scan-targets	primary_url_confirmed	R2.12	current_r3_direct	M-sec-taint_map	provenance/supply-chain-runtime.md
syft-scan-targets	primary_url_confirmed	R2.12	current_r3_direct	M-sec-worker_sandbox_policy	provenance/supply-chain-runtime.md
syft-scan-targets	primary_url_confirmed	R2.12	current_r3_direct	M-sec-spend_ledger	provenance/supply-chain-runtime.md
syft-scan-targets	primary_url_confirmed	R2.12	current_r3_direct	M-sec-local_ui_policy	provenance/supply-chain-runtime.md
syft-scan-targets	primary_url_confirmed	R2.12	current_r3_direct	M-sec-supply_chain_attestation	provenance/supply-chain-runtime.md
syft-scan-targets	primary_url_confirmed	R2.12	current_r3_direct	M-sec-aibom_manifest	provenance/supply-chain-runtime.md
syft-scan-targets	primary_url_confirmed	R2.12	current_r3_direct	M-proto-mcp_adapter_manifest	provenance/supply-chain-runtime.md
syft-scan-targets	primary_url_confirmed	R2.12	current_r3_direct	M-proto-mcp_tool_inventory	provenance/supply-chain-runtime.md
syft-scan-targets	primary_url_confirmed	R2.12	current_r3_direct	M-proto-a2a_peer_manifest	provenance/supply-chain-runtime.md
syft-scan-targets	primary_url_confirmed	R2.12	current_r3_direct	INV-1	provenance/supply-chain-runtime.md
syft-scan-targets	primary_url_confirmed	R2.12	current_r3_direct	INV-3	provenance/supply-chain-runtime.md
syft-scan-targets	primary_url_confirmed	R2.12	current_r3_direct	INV-4	provenance/supply-chain-runtime.md
syft-scan-targets	primary_url_confirmed	R2.12	current_r3_direct	INV-5	provenance/supply-chain-runtime.md
syft-scan-targets	primary_url_confirmed	R2.12	current_r3_direct	INV-6	provenance/supply-chain-runtime.md
syft-scan-targets	primary_url_confirmed	R2.12	current_r3_direct	INV-8	provenance/supply-chain-runtime.md
syft-scan-targets	primary_url_confirmed	R2.12	current_r3_direct	INV-9	provenance/supply-chain-runtime.md
syft-scan-targets	primary_url_confirmed	R2.12	current_r3_direct	INV-14	provenance/supply-chain-runtime.md
syft-scan-targets	primary_url_confirmed	R2.12	current_r3_direct	INV-18	provenance/supply-chain-runtime.md
syft-scan-targets	primary_url_confirmed	R2.12	current_r3_direct	INV-19	provenance/supply-chain-runtime.md
syft-scan-targets	primary_url_confirmed	R2.12	current_r3_direct	INV-20	provenance/supply-chain-runtime.md
syft-scan-targets	primary_url_confirmed	R2.12	current_r3_direct	INV-21	provenance/supply-chain-runtime.md
syft-scan-targets	primary_url_confirmed	R2.12	current_r3_direct	INV-22	provenance/supply-chain-runtime.md
syft-scan-targets	primary_url_confirmed	R2.12	current_r3_direct	INV-23	provenance/supply-chain-runtime.md
syft-scan-targets	primary_url_confirmed	R2.12	current_r3_direct	INV-24	provenance/supply-chain-runtime.md
syft-scan-targets	primary_url_confirmed	R2.12	current_r3_direct	INV-25	provenance/supply-chain-runtime.md
syft-scan-targets	primary_url_confirmed	R2.12	current_r3_direct	INV-26	provenance/supply-chain-runtime.md
syft-output-formats	primary_url_confirmed	R2.10	current_r3_direct	C6	provenance/supply-chain-runtime.md
syft-output-formats	primary_url_confirmed	R2.10	current_r3_direct	M-core-security_inventory	provenance/supply-chain-runtime.md
syft-output-formats	primary_url_confirmed	R2.10	current_r3_direct	M-sec-supply_chain_attestation	provenance/supply-chain-runtime.md
syft-output-formats	primary_url_confirmed	R2.10	current_r3_direct	M-sec-aibom_manifest	provenance/supply-chain-runtime.md
syft-output-formats	primary_url_confirmed	R2.10	current_r3_direct	M-core-trace_manifest	provenance/supply-chain-runtime.md
syft-output-formats	primary_url_confirmed	R2.10	current_r3_direct	INV-14	provenance/supply-chain-runtime.md
syft-output-formats	primary_url_confirmed	R2.10	current_r3_direct	INV-24	provenance/supply-chain-runtime.md
syft-output-formats	primary_url_confirmed	R2.12	current_r3_direct	C6	provenance/supply-chain-runtime.md
syft-output-formats	primary_url_confirmed	R2.12	current_r3_direct	C7	provenance/supply-chain-runtime.md
syft-output-formats	primary_url_confirmed	R2.12	current_r3_direct	M-core-security_inventory	provenance/supply-chain-runtime.md
syft-output-formats	primary_url_confirmed	R2.12	current_r3_direct	M-sec-taint_map	provenance/supply-chain-runtime.md
syft-output-formats	primary_url_confirmed	R2.12	current_r3_direct	M-sec-worker_sandbox_policy	provenance/supply-chain-runtime.md
syft-output-formats	primary_url_confirmed	R2.12	current_r3_direct	M-sec-spend_ledger	provenance/supply-chain-runtime.md
syft-output-formats	primary_url_confirmed	R2.12	current_r3_direct	M-sec-local_ui_policy	provenance/supply-chain-runtime.md
syft-output-formats	primary_url_confirmed	R2.12	current_r3_direct	M-sec-supply_chain_attestation	provenance/supply-chain-runtime.md
syft-output-formats	primary_url_confirmed	R2.12	current_r3_direct	M-sec-aibom_manifest	provenance/supply-chain-runtime.md
syft-output-formats	primary_url_confirmed	R2.12	current_r3_direct	M-proto-mcp_adapter_manifest	provenance/supply-chain-runtime.md
syft-output-formats	primary_url_confirmed	R2.12	current_r3_direct	M-proto-mcp_tool_inventory	provenance/supply-chain-runtime.md
syft-output-formats	primary_url_confirmed	R2.12	current_r3_direct	M-proto-a2a_peer_manifest	provenance/supply-chain-runtime.md
syft-output-formats	primary_url_confirmed	R2.12	current_r3_direct	INV-1	provenance/supply-chain-runtime.md
syft-output-formats	primary_url_confirmed	R2.12	current_r3_direct	INV-3	provenance/supply-chain-runtime.md
syft-output-formats	primary_url_confirmed	R2.12	current_r3_direct	INV-4	provenance/supply-chain-runtime.md
syft-output-formats	primary_url_confirmed	R2.12	current_r3_direct	INV-5	provenance/supply-chain-runtime.md
syft-output-formats	primary_url_confirmed	R2.12	current_r3_direct	INV-6	provenance/supply-chain-runtime.md
syft-output-formats	primary_url_confirmed	R2.12	current_r3_direct	INV-8	provenance/supply-chain-runtime.md
syft-output-formats	primary_url_confirmed	R2.12	current_r3_direct	INV-9	provenance/supply-chain-runtime.md
syft-output-formats	primary_url_confirmed	R2.12	current_r3_direct	INV-14	provenance/supply-chain-runtime.md
syft-output-formats	primary_url_confirmed	R2.12	current_r3_direct	INV-18	provenance/supply-chain-runtime.md
syft-output-formats	primary_url_confirmed	R2.12	current_r3_direct	INV-19	provenance/supply-chain-runtime.md
syft-output-formats	primary_url_confirmed	R2.12	current_r3_direct	INV-20	provenance/supply-chain-runtime.md
syft-output-formats	primary_url_confirmed	R2.12	current_r3_direct	INV-21	provenance/supply-chain-runtime.md
syft-output-formats	primary_url_confirmed	R2.12	current_r3_direct	INV-22	provenance/supply-chain-runtime.md
syft-output-formats	primary_url_confirmed	R2.12	current_r3_direct	INV-23	provenance/supply-chain-runtime.md
syft-output-formats	primary_url_confirmed	R2.12	current_r3_direct	INV-24	provenance/supply-chain-runtime.md
syft-output-formats	primary_url_confirmed	R2.12	current_r3_direct	INV-25	provenance/supply-chain-runtime.md
syft-output-formats	primary_url_confirmed	R2.12	current_r3_direct	INV-26	provenance/supply-chain-runtime.md
grype-scan-targets	primary_url_confirmed	R2.10	current_r3_direct	C6	provenance/supply-chain-runtime.md
grype-scan-targets	primary_url_confirmed	R2.10	current_r3_direct	M-core-security_inventory	provenance/supply-chain-runtime.md
grype-scan-targets	primary_url_confirmed	R2.10	current_r3_direct	M-sec-supply_chain_attestation	provenance/supply-chain-runtime.md
grype-scan-targets	primary_url_confirmed	R2.10	current_r3_direct	M-sec-aibom_manifest	provenance/supply-chain-runtime.md
grype-scan-targets	primary_url_confirmed	R2.10	current_r3_direct	M-core-trace_manifest	provenance/supply-chain-runtime.md
grype-scan-targets	primary_url_confirmed	R2.10	current_r3_direct	INV-14	provenance/supply-chain-runtime.md
grype-scan-targets	primary_url_confirmed	R2.10	current_r3_direct	INV-24	provenance/supply-chain-runtime.md
grype-scan-targets	primary_url_confirmed	R2.12	current_r3_direct	C6	provenance/supply-chain-runtime.md
grype-scan-targets	primary_url_confirmed	R2.12	current_r3_direct	C7	provenance/supply-chain-runtime.md
grype-scan-targets	primary_url_confirmed	R2.12	current_r3_direct	M-core-security_inventory	provenance/supply-chain-runtime.md
grype-scan-targets	primary_url_confirmed	R2.12	current_r3_direct	M-sec-taint_map	provenance/supply-chain-runtime.md
grype-scan-targets	primary_url_confirmed	R2.12	current_r3_direct	M-sec-worker_sandbox_policy	provenance/supply-chain-runtime.md
grype-scan-targets	primary_url_confirmed	R2.12	current_r3_direct	M-sec-spend_ledger	provenance/supply-chain-runtime.md
grype-scan-targets	primary_url_confirmed	R2.12	current_r3_direct	M-sec-local_ui_policy	provenance/supply-chain-runtime.md
grype-scan-targets	primary_url_confirmed	R2.12	current_r3_direct	M-sec-supply_chain_attestation	provenance/supply-chain-runtime.md
grype-scan-targets	primary_url_confirmed	R2.12	current_r3_direct	M-sec-aibom_manifest	provenance/supply-chain-runtime.md
grype-scan-targets	primary_url_confirmed	R2.12	current_r3_direct	M-proto-mcp_adapter_manifest	provenance/supply-chain-runtime.md
grype-scan-targets	primary_url_confirmed	R2.12	current_r3_direct	M-proto-mcp_tool_inventory	provenance/supply-chain-runtime.md
grype-scan-targets	primary_url_confirmed	R2.12	current_r3_direct	M-proto-a2a_peer_manifest	provenance/supply-chain-runtime.md
grype-scan-targets	primary_url_confirmed	R2.12	current_r3_direct	INV-1	provenance/supply-chain-runtime.md
grype-scan-targets	primary_url_confirmed	R2.12	current_r3_direct	INV-3	provenance/supply-chain-runtime.md
grype-scan-targets	primary_url_confirmed	R2.12	current_r3_direct	INV-4	provenance/supply-chain-runtime.md
grype-scan-targets	primary_url_confirmed	R2.12	current_r3_direct	INV-5	provenance/supply-chain-runtime.md
grype-scan-targets	primary_url_confirmed	R2.12	current_r3_direct	INV-6	provenance/supply-chain-runtime.md
grype-scan-targets	primary_url_confirmed	R2.12	current_r3_direct	INV-8	provenance/supply-chain-runtime.md
grype-scan-targets	primary_url_confirmed	R2.12	current_r3_direct	INV-9	provenance/supply-chain-runtime.md
grype-scan-targets	primary_url_confirmed	R2.12	current_r3_direct	INV-14	provenance/supply-chain-runtime.md
grype-scan-targets	primary_url_confirmed	R2.12	current_r3_direct	INV-18	provenance/supply-chain-runtime.md
grype-scan-targets	primary_url_confirmed	R2.12	current_r3_direct	INV-19	provenance/supply-chain-runtime.md
grype-scan-targets	primary_url_confirmed	R2.12	current_r3_direct	INV-20	provenance/supply-chain-runtime.md
grype-scan-targets	primary_url_confirmed	R2.12	current_r3_direct	INV-21	provenance/supply-chain-runtime.md
grype-scan-targets	primary_url_confirmed	R2.12	current_r3_direct	INV-22	provenance/supply-chain-runtime.md
grype-scan-targets	primary_url_confirmed	R2.12	current_r3_direct	INV-23	provenance/supply-chain-runtime.md
grype-scan-targets	primary_url_confirmed	R2.12	current_r3_direct	INV-24	provenance/supply-chain-runtime.md
grype-scan-targets	primary_url_confirmed	R2.12	current_r3_direct	INV-25	provenance/supply-chain-runtime.md
grype-scan-targets	primary_url_confirmed	R2.12	current_r3_direct	INV-26	provenance/supply-chain-runtime.md
grype-data-sources	primary_url_confirmed	R2.10	current_r3_direct	C6	provenance/supply-chain-runtime.md
grype-data-sources	primary_url_confirmed	R2.10	current_r3_direct	M-core-security_inventory	provenance/supply-chain-runtime.md
grype-data-sources	primary_url_confirmed	R2.10	current_r3_direct	M-sec-supply_chain_attestation	provenance/supply-chain-runtime.md
grype-data-sources	primary_url_confirmed	R2.10	current_r3_direct	M-sec-aibom_manifest	provenance/supply-chain-runtime.md
grype-data-sources	primary_url_confirmed	R2.10	current_r3_direct	M-core-trace_manifest	provenance/supply-chain-runtime.md
grype-data-sources	primary_url_confirmed	R2.10	current_r3_direct	INV-14	provenance/supply-chain-runtime.md
grype-data-sources	primary_url_confirmed	R2.10	current_r3_direct	INV-24	provenance/supply-chain-runtime.md
grype-data-sources	primary_url_confirmed	R2.12	current_r3_direct	C6	provenance/supply-chain-runtime.md
grype-data-sources	primary_url_confirmed	R2.12	current_r3_direct	C7	provenance/supply-chain-runtime.md
grype-data-sources	primary_url_confirmed	R2.12	current_r3_direct	M-core-security_inventory	provenance/supply-chain-runtime.md
grype-data-sources	primary_url_confirmed	R2.12	current_r3_direct	M-sec-taint_map	provenance/supply-chain-runtime.md
grype-data-sources	primary_url_confirmed	R2.12	current_r3_direct	M-sec-worker_sandbox_policy	provenance/supply-chain-runtime.md
grype-data-sources	primary_url_confirmed	R2.12	current_r3_direct	M-sec-spend_ledger	provenance/supply-chain-runtime.md
grype-data-sources	primary_url_confirmed	R2.12	current_r3_direct	M-sec-local_ui_policy	provenance/supply-chain-runtime.md
grype-data-sources	primary_url_confirmed	R2.12	current_r3_direct	M-sec-supply_chain_attestation	provenance/supply-chain-runtime.md
grype-data-sources	primary_url_confirmed	R2.12	current_r3_direct	M-sec-aibom_manifest	provenance/supply-chain-runtime.md
grype-data-sources	primary_url_confirmed	R2.12	current_r3_direct	M-proto-mcp_adapter_manifest	provenance/supply-chain-runtime.md
grype-data-sources	primary_url_confirmed	R2.12	current_r3_direct	M-proto-mcp_tool_inventory	provenance/supply-chain-runtime.md
grype-data-sources	primary_url_confirmed	R2.12	current_r3_direct	M-proto-a2a_peer_manifest	provenance/supply-chain-runtime.md
grype-data-sources	primary_url_confirmed	R2.12	current_r3_direct	INV-1	provenance/supply-chain-runtime.md
grype-data-sources	primary_url_confirmed	R2.12	current_r3_direct	INV-3	provenance/supply-chain-runtime.md
grype-data-sources	primary_url_confirmed	R2.12	current_r3_direct	INV-4	provenance/supply-chain-runtime.md
grype-data-sources	primary_url_confirmed	R2.12	current_r3_direct	INV-5	provenance/supply-chain-runtime.md
grype-data-sources	primary_url_confirmed	R2.12	current_r3_direct	INV-6	provenance/supply-chain-runtime.md
grype-data-sources	primary_url_confirmed	R2.12	current_r3_direct	INV-8	provenance/supply-chain-runtime.md
grype-data-sources	primary_url_confirmed	R2.12	current_r3_direct	INV-9	provenance/supply-chain-runtime.md
grype-data-sources	primary_url_confirmed	R2.12	current_r3_direct	INV-14	provenance/supply-chain-runtime.md
grype-data-sources	primary_url_confirmed	R2.12	current_r3_direct	INV-18	provenance/supply-chain-runtime.md
grype-data-sources	primary_url_confirmed	R2.12	current_r3_direct	INV-19	provenance/supply-chain-runtime.md
grype-data-sources	primary_url_confirmed	R2.12	current_r3_direct	INV-20	provenance/supply-chain-runtime.md
grype-data-sources	primary_url_confirmed	R2.12	current_r3_direct	INV-21	provenance/supply-chain-runtime.md
grype-data-sources	primary_url_confirmed	R2.12	current_r3_direct	INV-22	provenance/supply-chain-runtime.md
grype-data-sources	primary_url_confirmed	R2.12	current_r3_direct	INV-23	provenance/supply-chain-runtime.md
grype-data-sources	primary_url_confirmed	R2.12	current_r3_direct	INV-24	provenance/supply-chain-runtime.md
grype-data-sources	primary_url_confirmed	R2.12	current_r3_direct	INV-25	provenance/supply-chain-runtime.md
grype-data-sources	primary_url_confirmed	R2.12	current_r3_direct	INV-26	provenance/supply-chain-runtime.md
grype-db-architecture	primary_url_confirmed	R2.10	current_r3_direct	C6	provenance/supply-chain-runtime.md
grype-db-architecture	primary_url_confirmed	R2.10	current_r3_direct	M-core-security_inventory	provenance/supply-chain-runtime.md
grype-db-architecture	primary_url_confirmed	R2.10	current_r3_direct	M-sec-supply_chain_attestation	provenance/supply-chain-runtime.md
grype-db-architecture	primary_url_confirmed	R2.10	current_r3_direct	M-sec-aibom_manifest	provenance/supply-chain-runtime.md
grype-db-architecture	primary_url_confirmed	R2.10	current_r3_direct	M-core-trace_manifest	provenance/supply-chain-runtime.md
grype-db-architecture	primary_url_confirmed	R2.10	current_r3_direct	INV-14	provenance/supply-chain-runtime.md
grype-db-architecture	primary_url_confirmed	R2.10	current_r3_direct	INV-24	provenance/supply-chain-runtime.md
grype-db-architecture	primary_url_confirmed	R2.12	current_r3_direct	C6	provenance/supply-chain-runtime.md
grype-db-architecture	primary_url_confirmed	R2.12	current_r3_direct	C7	provenance/supply-chain-runtime.md
grype-db-architecture	primary_url_confirmed	R2.12	current_r3_direct	M-core-security_inventory	provenance/supply-chain-runtime.md
grype-db-architecture	primary_url_confirmed	R2.12	current_r3_direct	M-sec-taint_map	provenance/supply-chain-runtime.md
grype-db-architecture	primary_url_confirmed	R2.12	current_r3_direct	M-sec-worker_sandbox_policy	provenance/supply-chain-runtime.md
grype-db-architecture	primary_url_confirmed	R2.12	current_r3_direct	M-sec-spend_ledger	provenance/supply-chain-runtime.md
grype-db-architecture	primary_url_confirmed	R2.12	current_r3_direct	M-sec-local_ui_policy	provenance/supply-chain-runtime.md
grype-db-architecture	primary_url_confirmed	R2.12	current_r3_direct	M-sec-supply_chain_attestation	provenance/supply-chain-runtime.md
grype-db-architecture	primary_url_confirmed	R2.12	current_r3_direct	M-sec-aibom_manifest	provenance/supply-chain-runtime.md
grype-db-architecture	primary_url_confirmed	R2.12	current_r3_direct	M-proto-mcp_adapter_manifest	provenance/supply-chain-runtime.md
grype-db-architecture	primary_url_confirmed	R2.12	current_r3_direct	M-proto-mcp_tool_inventory	provenance/supply-chain-runtime.md
grype-db-architecture	primary_url_confirmed	R2.12	current_r3_direct	M-proto-a2a_peer_manifest	provenance/supply-chain-runtime.md
grype-db-architecture	primary_url_confirmed	R2.12	current_r3_direct	INV-1	provenance/supply-chain-runtime.md
grype-db-architecture	primary_url_confirmed	R2.12	current_r3_direct	INV-3	provenance/supply-chain-runtime.md
grype-db-architecture	primary_url_confirmed	R2.12	current_r3_direct	INV-4	provenance/supply-chain-runtime.md
grype-db-architecture	primary_url_confirmed	R2.12	current_r3_direct	INV-5	provenance/supply-chain-runtime.md
grype-db-architecture	primary_url_confirmed	R2.12	current_r3_direct	INV-6	provenance/supply-chain-runtime.md
grype-db-architecture	primary_url_confirmed	R2.12	current_r3_direct	INV-8	provenance/supply-chain-runtime.md
grype-db-architecture	primary_url_confirmed	R2.12	current_r3_direct	INV-9	provenance/supply-chain-runtime.md
grype-db-architecture	primary_url_confirmed	R2.12	current_r3_direct	INV-14	provenance/supply-chain-runtime.md
grype-db-architecture	primary_url_confirmed	R2.12	current_r3_direct	INV-18	provenance/supply-chain-runtime.md
grype-db-architecture	primary_url_confirmed	R2.12	current_r3_direct	INV-19	provenance/supply-chain-runtime.md
grype-db-architecture	primary_url_confirmed	R2.12	current_r3_direct	INV-20	provenance/supply-chain-runtime.md
grype-db-architecture	primary_url_confirmed	R2.12	current_r3_direct	INV-21	provenance/supply-chain-runtime.md
grype-db-architecture	primary_url_confirmed	R2.12	current_r3_direct	INV-22	provenance/supply-chain-runtime.md
grype-db-architecture	primary_url_confirmed	R2.12	current_r3_direct	INV-23	provenance/supply-chain-runtime.md
grype-db-architecture	primary_url_confirmed	R2.12	current_r3_direct	INV-24	provenance/supply-chain-runtime.md
grype-db-architecture	primary_url_confirmed	R2.12	current_r3_direct	INV-25	provenance/supply-chain-runtime.md
grype-db-architecture	primary_url_confirmed	R2.12	current_r3_direct	INV-26	provenance/supply-chain-runtime.md
scorecard-probes	primary_url_confirmed	R2.10	current_r3_direct	C6	provenance/supply-chain-runtime.md
scorecard-probes	primary_url_confirmed	R2.10	current_r3_direct	M-core-security_inventory	provenance/supply-chain-runtime.md
scorecard-probes	primary_url_confirmed	R2.10	current_r3_direct	M-sec-supply_chain_attestation	provenance/supply-chain-runtime.md
scorecard-probes	primary_url_confirmed	R2.10	current_r3_direct	M-sec-aibom_manifest	provenance/supply-chain-runtime.md
scorecard-probes	primary_url_confirmed	R2.10	current_r3_direct	M-core-trace_manifest	provenance/supply-chain-runtime.md
scorecard-probes	primary_url_confirmed	R2.10	current_r3_direct	INV-14	provenance/supply-chain-runtime.md
scorecard-probes	primary_url_confirmed	R2.10	current_r3_direct	INV-24	provenance/supply-chain-runtime.md
scorecard-probes	primary_url_confirmed	R2.12	current_r3_direct	C6	provenance/supply-chain-runtime.md
scorecard-probes	primary_url_confirmed	R2.12	current_r3_direct	C7	provenance/supply-chain-runtime.md
scorecard-probes	primary_url_confirmed	R2.12	current_r3_direct	M-core-security_inventory	provenance/supply-chain-runtime.md
scorecard-probes	primary_url_confirmed	R2.12	current_r3_direct	M-sec-taint_map	provenance/supply-chain-runtime.md
scorecard-probes	primary_url_confirmed	R2.12	current_r3_direct	M-sec-worker_sandbox_policy	provenance/supply-chain-runtime.md
scorecard-probes	primary_url_confirmed	R2.12	current_r3_direct	M-sec-spend_ledger	provenance/supply-chain-runtime.md
scorecard-probes	primary_url_confirmed	R2.12	current_r3_direct	M-sec-local_ui_policy	provenance/supply-chain-runtime.md
scorecard-probes	primary_url_confirmed	R2.12	current_r3_direct	M-sec-supply_chain_attestation	provenance/supply-chain-runtime.md
scorecard-probes	primary_url_confirmed	R2.12	current_r3_direct	M-sec-aibom_manifest	provenance/supply-chain-runtime.md
scorecard-probes	primary_url_confirmed	R2.12	current_r3_direct	M-proto-mcp_adapter_manifest	provenance/supply-chain-runtime.md
scorecard-probes	primary_url_confirmed	R2.12	current_r3_direct	M-proto-mcp_tool_inventory	provenance/supply-chain-runtime.md
scorecard-probes	primary_url_confirmed	R2.12	current_r3_direct	M-proto-a2a_peer_manifest	provenance/supply-chain-runtime.md
scorecard-probes	primary_url_confirmed	R2.12	current_r3_direct	INV-1	provenance/supply-chain-runtime.md
scorecard-probes	primary_url_confirmed	R2.12	current_r3_direct	INV-3	provenance/supply-chain-runtime.md
scorecard-probes	primary_url_confirmed	R2.12	current_r3_direct	INV-4	provenance/supply-chain-runtime.md
scorecard-probes	primary_url_confirmed	R2.12	current_r3_direct	INV-5	provenance/supply-chain-runtime.md
scorecard-probes	primary_url_confirmed	R2.12	current_r3_direct	INV-6	provenance/supply-chain-runtime.md
scorecard-probes	primary_url_confirmed	R2.12	current_r3_direct	INV-8	provenance/supply-chain-runtime.md
scorecard-probes	primary_url_confirmed	R2.12	current_r3_direct	INV-9	provenance/supply-chain-runtime.md
scorecard-probes	primary_url_confirmed	R2.12	current_r3_direct	INV-14	provenance/supply-chain-runtime.md
scorecard-probes	primary_url_confirmed	R2.12	current_r3_direct	INV-18	provenance/supply-chain-runtime.md
scorecard-probes	primary_url_confirmed	R2.12	current_r3_direct	INV-19	provenance/supply-chain-runtime.md
scorecard-probes	primary_url_confirmed	R2.12	current_r3_direct	INV-20	provenance/supply-chain-runtime.md
scorecard-probes	primary_url_confirmed	R2.12	current_r3_direct	INV-21	provenance/supply-chain-runtime.md
scorecard-probes	primary_url_confirmed	R2.12	current_r3_direct	INV-22	provenance/supply-chain-runtime.md
scorecard-probes	primary_url_confirmed	R2.12	current_r3_direct	INV-23	provenance/supply-chain-runtime.md
scorecard-probes	primary_url_confirmed	R2.12	current_r3_direct	INV-24	provenance/supply-chain-runtime.md
scorecard-probes	primary_url_confirmed	R2.12	current_r3_direct	INV-25	provenance/supply-chain-runtime.md
scorecard-probes	primary_url_confirmed	R2.12	current_r3_direct	INV-26	provenance/supply-chain-runtime.md
wasmtime-wasi-capabilities	primary_url_confirmed	R2.11	current_r3_direct	C6	provenance/supply-chain-runtime.md
wasmtime-wasi-capabilities	primary_url_confirmed	R2.11	current_r3_direct	E-sec-sandbox_policy	provenance/supply-chain-runtime.md
wasmtime-wasi-capabilities	primary_url_confirmed	R2.11	current_r3_direct	M-sec-worker_sandbox_policy	provenance/supply-chain-runtime.md
wasmtime-wasi-capabilities	primary_url_confirmed	R2.11	current_r3_direct	M-core-security_inventory	provenance/supply-chain-runtime.md
wasmtime-wasi-capabilities	primary_url_confirmed	R2.11	current_r3_direct	INV-18	provenance/supply-chain-runtime.md
wasmtime-wasi-capabilities	primary_url_confirmed	R2.11	current_r3_direct	INV-24	provenance/supply-chain-runtime.md
wasmtime-wasi-capabilities	primary_url_confirmed	R2.12	current_r3_direct	C6	provenance/supply-chain-runtime.md
wasmtime-wasi-capabilities	primary_url_confirmed	R2.12	current_r3_direct	C7	provenance/supply-chain-runtime.md
wasmtime-wasi-capabilities	primary_url_confirmed	R2.12	current_r3_direct	M-core-security_inventory	provenance/supply-chain-runtime.md
wasmtime-wasi-capabilities	primary_url_confirmed	R2.12	current_r3_direct	M-sec-taint_map	provenance/supply-chain-runtime.md
wasmtime-wasi-capabilities	primary_url_confirmed	R2.12	current_r3_direct	M-sec-worker_sandbox_policy	provenance/supply-chain-runtime.md
wasmtime-wasi-capabilities	primary_url_confirmed	R2.12	current_r3_direct	M-sec-spend_ledger	provenance/supply-chain-runtime.md
wasmtime-wasi-capabilities	primary_url_confirmed	R2.12	current_r3_direct	M-sec-local_ui_policy	provenance/supply-chain-runtime.md
wasmtime-wasi-capabilities	primary_url_confirmed	R2.12	current_r3_direct	M-sec-supply_chain_attestation	provenance/supply-chain-runtime.md
wasmtime-wasi-capabilities	primary_url_confirmed	R2.12	current_r3_direct	M-sec-aibom_manifest	provenance/supply-chain-runtime.md
wasmtime-wasi-capabilities	primary_url_confirmed	R2.12	current_r3_direct	M-proto-mcp_adapter_manifest	provenance/supply-chain-runtime.md
wasmtime-wasi-capabilities	primary_url_confirmed	R2.12	current_r3_direct	M-proto-mcp_tool_inventory	provenance/supply-chain-runtime.md
wasmtime-wasi-capabilities	primary_url_confirmed	R2.12	current_r3_direct	M-proto-a2a_peer_manifest	provenance/supply-chain-runtime.md
wasmtime-wasi-capabilities	primary_url_confirmed	R2.12	current_r3_direct	INV-1	provenance/supply-chain-runtime.md
wasmtime-wasi-capabilities	primary_url_confirmed	R2.12	current_r3_direct	INV-3	provenance/supply-chain-runtime.md
wasmtime-wasi-capabilities	primary_url_confirmed	R2.12	current_r3_direct	INV-4	provenance/supply-chain-runtime.md
wasmtime-wasi-capabilities	primary_url_confirmed	R2.12	current_r3_direct	INV-5	provenance/supply-chain-runtime.md
wasmtime-wasi-capabilities	primary_url_confirmed	R2.12	current_r3_direct	INV-6	provenance/supply-chain-runtime.md
wasmtime-wasi-capabilities	primary_url_confirmed	R2.12	current_r3_direct	INV-8	provenance/supply-chain-runtime.md
wasmtime-wasi-capabilities	primary_url_confirmed	R2.12	current_r3_direct	INV-9	provenance/supply-chain-runtime.md
wasmtime-wasi-capabilities	primary_url_confirmed	R2.12	current_r3_direct	INV-14	provenance/supply-chain-runtime.md
wasmtime-wasi-capabilities	primary_url_confirmed	R2.12	current_r3_direct	INV-18	provenance/supply-chain-runtime.md
wasmtime-wasi-capabilities	primary_url_confirmed	R2.12	current_r3_direct	INV-19	provenance/supply-chain-runtime.md
wasmtime-wasi-capabilities	primary_url_confirmed	R2.12	current_r3_direct	INV-20	provenance/supply-chain-runtime.md
wasmtime-wasi-capabilities	primary_url_confirmed	R2.12	current_r3_direct	INV-21	provenance/supply-chain-runtime.md
wasmtime-wasi-capabilities	primary_url_confirmed	R2.12	current_r3_direct	INV-22	provenance/supply-chain-runtime.md
wasmtime-wasi-capabilities	primary_url_confirmed	R2.12	current_r3_direct	INV-23	provenance/supply-chain-runtime.md
wasmtime-wasi-capabilities	primary_url_confirmed	R2.12	current_r3_direct	INV-24	provenance/supply-chain-runtime.md
wasmtime-wasi-capabilities	primary_url_confirmed	R2.12	current_r3_direct	INV-25	provenance/supply-chain-runtime.md
wasmtime-wasi-capabilities	primary_url_confirmed	R2.12	current_r3_direct	INV-26	provenance/supply-chain-runtime.md
presentbench-dataset	primary_dataset_confirmed	F-6	current_r3_direct	M-pack.pres-brief_manifest	provenance/presentation-document-pack.md
presentbench-dataset	primary_dataset_confirmed	F-6	current_r3_direct	M-pack.pres-outline_manifest	provenance/presentation-document-pack.md
presentbench-dataset	primary_dataset_confirmed	F-6	current_r3_direct	M-pack.pres-source_material_manifest	provenance/presentation-document-pack.md
presentbench-dataset	primary_dataset_confirmed	F-6	current_r3_direct	M-pack.pres-deck_doc_plan	provenance/presentation-document-pack.md
presentbench-dataset	primary_dataset_confirmed	F-6	current_r3_direct	M-pack.pres-deck_doc_artifact_manifest	provenance/presentation-document-pack.md
presentbench-dataset	primary_dataset_confirmed	F-6	current_r3_direct	M-pack.pres-review_session	provenance/presentation-document-pack.md
presentbench-dataset	primary_dataset_confirmed	F-6	current_r3_direct	M-pack.pres-revision_action	provenance/presentation-document-pack.md
presentbench-dataset	primary_dataset_confirmed	F-6	current_r3_direct	M-core-review_session_manifest	provenance/presentation-document-pack.md
presentbench-dataset	primary_dataset_confirmed	F-6	current_r3_direct	M-core-final_package_manifest	provenance/presentation-document-pack.md
presentbench-dataset	primary_dataset_confirmed	F-6	current_r3_direct	R3.4:lifecycle_alias_table	provenance/presentation-document-pack.md
presentbench-dataset	primary_dataset_confirmed	Q37	current_r3_direct	M-pack.pres-brief_manifest	provenance/presentation-document-pack.md
presentbench-dataset	primary_dataset_confirmed	Q37	current_r3_direct	M-pack.pres-outline_manifest	provenance/presentation-document-pack.md
presentbench-dataset	primary_dataset_confirmed	Q37	current_r3_direct	M-pack.pres-source_material_manifest	provenance/presentation-document-pack.md
presentbench-dataset	primary_dataset_confirmed	Q37	current_r3_direct	M-pack.pres-deck_doc_plan	provenance/presentation-document-pack.md
presentbench-dataset	primary_dataset_confirmed	Q37	current_r3_direct	M-pack.pres-deck_doc_artifact_manifest	provenance/presentation-document-pack.md
presentbench-dataset	primary_dataset_confirmed	Q37	current_r3_direct	M-pack.pres-review_session	provenance/presentation-document-pack.md
presentbench-dataset	primary_dataset_confirmed	Q37	current_r3_direct	M-pack.pres-revision_action	provenance/presentation-document-pack.md
presentbench-dataset	primary_dataset_confirmed	Q37	current_r3_direct	C5	provenance/presentation-document-pack.md
presentbench-dataset	primary_dataset_confirmed	Q37	current_r3_direct	M-core-intake_manifest	provenance/presentation-document-pack.md
presentbench-dataset	primary_dataset_confirmed	Q37	current_r3_direct	M-core-domain_plan_manifest	provenance/presentation-document-pack.md
presentbench-dataset	primary_dataset_confirmed	Q37	current_r3_direct	M-core-domain_artifact_manifest	provenance/presentation-document-pack.md
presentbench-dataset	primary_dataset_confirmed	Q37	current_r3_direct	M-core-review_session_manifest	provenance/presentation-document-pack.md
presentbench-dataset	primary_dataset_confirmed	Q37	current_r3_direct	M-core-human_action_manifest	provenance/presentation-document-pack.md
presentbench-dataset	primary_dataset_confirmed	Q37	current_r3_direct	M-core-domain_lifecycle_trace	provenance/presentation-document-pack.md
presentbench-dataset	primary_dataset_confirmed	Q37	current_r3_direct	M-core-final_package_manifest	provenance/presentation-document-pack.md
presentbench-dataset	primary_dataset_confirmed	Q37	current_r3_direct	M-core-handoff_manifest	provenance/presentation-document-pack.md
presentbench-dataset	primary_dataset_confirmed	Q37	current_r3_direct	INV-9	provenance/presentation-document-pack.md
presentbench-dataset	primary_dataset_confirmed	Q37	current_r3_direct	INV-11	provenance/presentation-document-pack.md
presentbench-dataset	primary_dataset_confirmed	Q37	current_r3_direct	INV-12	provenance/presentation-document-pack.md
presentbench-dataset	primary_dataset_confirmed	Q37	current_r3_direct	INV-17	provenance/presentation-document-pack.md
presentbench-paper	primary_url_confirmed	F-6	current_r3_direct	M-pack.pres-brief_manifest	provenance/presentation-document-pack.md
presentbench-paper	primary_url_confirmed	F-6	current_r3_direct	M-pack.pres-outline_manifest	provenance/presentation-document-pack.md
presentbench-paper	primary_url_confirmed	F-6	current_r3_direct	M-pack.pres-source_material_manifest	provenance/presentation-document-pack.md
presentbench-paper	primary_url_confirmed	F-6	current_r3_direct	M-pack.pres-deck_doc_plan	provenance/presentation-document-pack.md
presentbench-paper	primary_url_confirmed	F-6	current_r3_direct	M-pack.pres-deck_doc_artifact_manifest	provenance/presentation-document-pack.md
presentbench-paper	primary_url_confirmed	F-6	current_r3_direct	M-pack.pres-review_session	provenance/presentation-document-pack.md
presentbench-paper	primary_url_confirmed	F-6	current_r3_direct	M-pack.pres-revision_action	provenance/presentation-document-pack.md
presentbench-paper	primary_url_confirmed	F-6	current_r3_direct	M-core-review_session_manifest	provenance/presentation-document-pack.md
presentbench-paper	primary_url_confirmed	F-6	current_r3_direct	M-core-final_package_manifest	provenance/presentation-document-pack.md
presentbench-paper	primary_url_confirmed	F-6	current_r3_direct	R3.4:lifecycle_alias_table	provenance/presentation-document-pack.md
presentbench-paper	primary_url_confirmed	Q37	current_r3_direct	M-pack.pres-brief_manifest	provenance/presentation-document-pack.md
presentbench-paper	primary_url_confirmed	Q37	current_r3_direct	M-pack.pres-outline_manifest	provenance/presentation-document-pack.md
presentbench-paper	primary_url_confirmed	Q37	current_r3_direct	M-pack.pres-source_material_manifest	provenance/presentation-document-pack.md
presentbench-paper	primary_url_confirmed	Q37	current_r3_direct	M-pack.pres-deck_doc_plan	provenance/presentation-document-pack.md
presentbench-paper	primary_url_confirmed	Q37	current_r3_direct	M-pack.pres-deck_doc_artifact_manifest	provenance/presentation-document-pack.md
presentbench-paper	primary_url_confirmed	Q37	current_r3_direct	M-pack.pres-review_session	provenance/presentation-document-pack.md
presentbench-paper	primary_url_confirmed	Q37	current_r3_direct	M-pack.pres-revision_action	provenance/presentation-document-pack.md
presentbench-paper	primary_url_confirmed	Q37	current_r3_direct	C5	provenance/presentation-document-pack.md
presentbench-paper	primary_url_confirmed	Q37	current_r3_direct	M-core-intake_manifest	provenance/presentation-document-pack.md
presentbench-paper	primary_url_confirmed	Q37	current_r3_direct	M-core-domain_plan_manifest	provenance/presentation-document-pack.md
presentbench-paper	primary_url_confirmed	Q37	current_r3_direct	M-core-domain_artifact_manifest	provenance/presentation-document-pack.md
presentbench-paper	primary_url_confirmed	Q37	current_r3_direct	M-core-review_session_manifest	provenance/presentation-document-pack.md
presentbench-paper	primary_url_confirmed	Q37	current_r3_direct	M-core-human_action_manifest	provenance/presentation-document-pack.md
presentbench-paper	primary_url_confirmed	Q37	current_r3_direct	M-core-domain_lifecycle_trace	provenance/presentation-document-pack.md
presentbench-paper	primary_url_confirmed	Q37	current_r3_direct	M-core-final_package_manifest	provenance/presentation-document-pack.md
presentbench-paper	primary_url_confirmed	Q37	current_r3_direct	M-core-handoff_manifest	provenance/presentation-document-pack.md
presentbench-paper	primary_url_confirmed	Q37	current_r3_direct	INV-9	provenance/presentation-document-pack.md
presentbench-paper	primary_url_confirmed	Q37	current_r3_direct	INV-11	provenance/presentation-document-pack.md
presentbench-paper	primary_url_confirmed	Q37	current_r3_direct	INV-12	provenance/presentation-document-pack.md
presentbench-paper	primary_url_confirmed	Q37	current_r3_direct	INV-17	provenance/presentation-document-pack.md
slides-align-dataset	primary_dataset_confirmed	F-6	current_r3_direct	M-pack.pres-brief_manifest	provenance/presentation-document-pack.md
slides-align-dataset	primary_dataset_confirmed	F-6	current_r3_direct	M-pack.pres-outline_manifest	provenance/presentation-document-pack.md
slides-align-dataset	primary_dataset_confirmed	F-6	current_r3_direct	M-pack.pres-source_material_manifest	provenance/presentation-document-pack.md
slides-align-dataset	primary_dataset_confirmed	F-6	current_r3_direct	M-pack.pres-deck_doc_plan	provenance/presentation-document-pack.md
slides-align-dataset	primary_dataset_confirmed	F-6	current_r3_direct	M-pack.pres-deck_doc_artifact_manifest	provenance/presentation-document-pack.md
slides-align-dataset	primary_dataset_confirmed	F-6	current_r3_direct	M-pack.pres-review_session	provenance/presentation-document-pack.md
slides-align-dataset	primary_dataset_confirmed	F-6	current_r3_direct	M-pack.pres-revision_action	provenance/presentation-document-pack.md
slides-align-dataset	primary_dataset_confirmed	F-6	current_r3_direct	M-core-review_session_manifest	provenance/presentation-document-pack.md
slides-align-dataset	primary_dataset_confirmed	F-6	current_r3_direct	M-core-final_package_manifest	provenance/presentation-document-pack.md
slides-align-dataset	primary_dataset_confirmed	F-6	current_r3_direct	R3.4:lifecycle_alias_table	provenance/presentation-document-pack.md
slides-align-dataset	primary_dataset_confirmed	Q37	current_r3_direct	M-pack.pres-brief_manifest	provenance/presentation-document-pack.md
slides-align-dataset	primary_dataset_confirmed	Q37	current_r3_direct	M-pack.pres-outline_manifest	provenance/presentation-document-pack.md
slides-align-dataset	primary_dataset_confirmed	Q37	current_r3_direct	M-pack.pres-source_material_manifest	provenance/presentation-document-pack.md
slides-align-dataset	primary_dataset_confirmed	Q37	current_r3_direct	M-pack.pres-deck_doc_plan	provenance/presentation-document-pack.md
slides-align-dataset	primary_dataset_confirmed	Q37	current_r3_direct	M-pack.pres-deck_doc_artifact_manifest	provenance/presentation-document-pack.md
slides-align-dataset	primary_dataset_confirmed	Q37	current_r3_direct	M-pack.pres-review_session	provenance/presentation-document-pack.md
slides-align-dataset	primary_dataset_confirmed	Q37	current_r3_direct	M-pack.pres-revision_action	provenance/presentation-document-pack.md
slides-align-dataset	primary_dataset_confirmed	Q37	current_r3_direct	C5	provenance/presentation-document-pack.md
slides-align-dataset	primary_dataset_confirmed	Q37	current_r3_direct	M-core-intake_manifest	provenance/presentation-document-pack.md
slides-align-dataset	primary_dataset_confirmed	Q37	current_r3_direct	M-core-domain_plan_manifest	provenance/presentation-document-pack.md
slides-align-dataset	primary_dataset_confirmed	Q37	current_r3_direct	M-core-domain_artifact_manifest	provenance/presentation-document-pack.md
slides-align-dataset	primary_dataset_confirmed	Q37	current_r3_direct	M-core-review_session_manifest	provenance/presentation-document-pack.md
slides-align-dataset	primary_dataset_confirmed	Q37	current_r3_direct	M-core-human_action_manifest	provenance/presentation-document-pack.md
slides-align-dataset	primary_dataset_confirmed	Q37	current_r3_direct	M-core-domain_lifecycle_trace	provenance/presentation-document-pack.md
slides-align-dataset	primary_dataset_confirmed	Q37	current_r3_direct	M-core-final_package_manifest	provenance/presentation-document-pack.md
slides-align-dataset	primary_dataset_confirmed	Q37	current_r3_direct	M-core-handoff_manifest	provenance/presentation-document-pack.md
slides-align-dataset	primary_dataset_confirmed	Q37	current_r3_direct	INV-9	provenance/presentation-document-pack.md
slides-align-dataset	primary_dataset_confirmed	Q37	current_r3_direct	INV-11	provenance/presentation-document-pack.md
slides-align-dataset	primary_dataset_confirmed	Q37	current_r3_direct	INV-12	provenance/presentation-document-pack.md
slides-align-dataset	primary_dataset_confirmed	Q37	current_r3_direct	INV-17	provenance/presentation-document-pack.md
python-pptx-presentation-api	primary_url_confirmed	F-6	current_r3_direct	M-pack.pres-brief_manifest	provenance/presentation-document-pack.md
python-pptx-presentation-api	primary_url_confirmed	F-6	current_r3_direct	M-pack.pres-outline_manifest	provenance/presentation-document-pack.md
python-pptx-presentation-api	primary_url_confirmed	F-6	current_r3_direct	M-pack.pres-source_material_manifest	provenance/presentation-document-pack.md
python-pptx-presentation-api	primary_url_confirmed	F-6	current_r3_direct	M-pack.pres-deck_doc_plan	provenance/presentation-document-pack.md
python-pptx-presentation-api	primary_url_confirmed	F-6	current_r3_direct	M-pack.pres-deck_doc_artifact_manifest	provenance/presentation-document-pack.md
python-pptx-presentation-api	primary_url_confirmed	F-6	current_r3_direct	M-pack.pres-review_session	provenance/presentation-document-pack.md
python-pptx-presentation-api	primary_url_confirmed	F-6	current_r3_direct	M-pack.pres-revision_action	provenance/presentation-document-pack.md
python-pptx-presentation-api	primary_url_confirmed	F-6	current_r3_direct	M-core-review_session_manifest	provenance/presentation-document-pack.md
python-pptx-presentation-api	primary_url_confirmed	F-6	current_r3_direct	M-core-final_package_manifest	provenance/presentation-document-pack.md
python-pptx-presentation-api	primary_url_confirmed	F-6	current_r3_direct	R3.4:lifecycle_alias_table	provenance/presentation-document-pack.md
python-pptx-presentation-api	primary_url_confirmed	Q37	current_r3_direct	M-pack.pres-brief_manifest	provenance/presentation-document-pack.md
python-pptx-presentation-api	primary_url_confirmed	Q37	current_r3_direct	M-pack.pres-outline_manifest	provenance/presentation-document-pack.md
python-pptx-presentation-api	primary_url_confirmed	Q37	current_r3_direct	M-pack.pres-source_material_manifest	provenance/presentation-document-pack.md
python-pptx-presentation-api	primary_url_confirmed	Q37	current_r3_direct	M-pack.pres-deck_doc_plan	provenance/presentation-document-pack.md
python-pptx-presentation-api	primary_url_confirmed	Q37	current_r3_direct	M-pack.pres-deck_doc_artifact_manifest	provenance/presentation-document-pack.md
python-pptx-presentation-api	primary_url_confirmed	Q37	current_r3_direct	M-pack.pres-review_session	provenance/presentation-document-pack.md
python-pptx-presentation-api	primary_url_confirmed	Q37	current_r3_direct	M-pack.pres-revision_action	provenance/presentation-document-pack.md
python-pptx-presentation-api	primary_url_confirmed	Q37	current_r3_direct	C5	provenance/presentation-document-pack.md
python-pptx-presentation-api	primary_url_confirmed	Q37	current_r3_direct	M-core-intake_manifest	provenance/presentation-document-pack.md
python-pptx-presentation-api	primary_url_confirmed	Q37	current_r3_direct	M-core-domain_plan_manifest	provenance/presentation-document-pack.md
python-pptx-presentation-api	primary_url_confirmed	Q37	current_r3_direct	M-core-domain_artifact_manifest	provenance/presentation-document-pack.md
python-pptx-presentation-api	primary_url_confirmed	Q37	current_r3_direct	M-core-review_session_manifest	provenance/presentation-document-pack.md
python-pptx-presentation-api	primary_url_confirmed	Q37	current_r3_direct	M-core-human_action_manifest	provenance/presentation-document-pack.md
python-pptx-presentation-api	primary_url_confirmed	Q37	current_r3_direct	M-core-domain_lifecycle_trace	provenance/presentation-document-pack.md
python-pptx-presentation-api	primary_url_confirmed	Q37	current_r3_direct	M-core-final_package_manifest	provenance/presentation-document-pack.md
python-pptx-presentation-api	primary_url_confirmed	Q37	current_r3_direct	M-core-handoff_manifest	provenance/presentation-document-pack.md
python-pptx-presentation-api	primary_url_confirmed	Q37	current_r3_direct	INV-9	provenance/presentation-document-pack.md
python-pptx-presentation-api	primary_url_confirmed	Q37	current_r3_direct	INV-11	provenance/presentation-document-pack.md
python-pptx-presentation-api	primary_url_confirmed	Q37	current_r3_direct	INV-12	provenance/presentation-document-pack.md
python-pptx-presentation-api	primary_url_confirmed	Q37	current_r3_direct	INV-17	provenance/presentation-document-pack.md
python-pptx-slides-api	primary_url_confirmed	F-6	current_r3_direct	M-pack.pres-brief_manifest	provenance/presentation-document-pack.md
python-pptx-slides-api	primary_url_confirmed	F-6	current_r3_direct	M-pack.pres-outline_manifest	provenance/presentation-document-pack.md
python-pptx-slides-api	primary_url_confirmed	F-6	current_r3_direct	M-pack.pres-source_material_manifest	provenance/presentation-document-pack.md
python-pptx-slides-api	primary_url_confirmed	F-6	current_r3_direct	M-pack.pres-deck_doc_plan	provenance/presentation-document-pack.md
python-pptx-slides-api	primary_url_confirmed	F-6	current_r3_direct	M-pack.pres-deck_doc_artifact_manifest	provenance/presentation-document-pack.md
python-pptx-slides-api	primary_url_confirmed	F-6	current_r3_direct	M-pack.pres-review_session	provenance/presentation-document-pack.md
python-pptx-slides-api	primary_url_confirmed	F-6	current_r3_direct	M-pack.pres-revision_action	provenance/presentation-document-pack.md
python-pptx-slides-api	primary_url_confirmed	F-6	current_r3_direct	M-core-review_session_manifest	provenance/presentation-document-pack.md
python-pptx-slides-api	primary_url_confirmed	F-6	current_r3_direct	M-core-final_package_manifest	provenance/presentation-document-pack.md
python-pptx-slides-api	primary_url_confirmed	F-6	current_r3_direct	R3.4:lifecycle_alias_table	provenance/presentation-document-pack.md
python-pptx-slides-api	primary_url_confirmed	Q37	current_r3_direct	M-pack.pres-brief_manifest	provenance/presentation-document-pack.md
python-pptx-slides-api	primary_url_confirmed	Q37	current_r3_direct	M-pack.pres-outline_manifest	provenance/presentation-document-pack.md
python-pptx-slides-api	primary_url_confirmed	Q37	current_r3_direct	M-pack.pres-source_material_manifest	provenance/presentation-document-pack.md
python-pptx-slides-api	primary_url_confirmed	Q37	current_r3_direct	M-pack.pres-deck_doc_plan	provenance/presentation-document-pack.md
python-pptx-slides-api	primary_url_confirmed	Q37	current_r3_direct	M-pack.pres-deck_doc_artifact_manifest	provenance/presentation-document-pack.md
python-pptx-slides-api	primary_url_confirmed	Q37	current_r3_direct	M-pack.pres-review_session	provenance/presentation-document-pack.md
python-pptx-slides-api	primary_url_confirmed	Q37	current_r3_direct	M-pack.pres-revision_action	provenance/presentation-document-pack.md
python-pptx-slides-api	primary_url_confirmed	Q37	current_r3_direct	C5	provenance/presentation-document-pack.md
python-pptx-slides-api	primary_url_confirmed	Q37	current_r3_direct	M-core-intake_manifest	provenance/presentation-document-pack.md
python-pptx-slides-api	primary_url_confirmed	Q37	current_r3_direct	M-core-domain_plan_manifest	provenance/presentation-document-pack.md
python-pptx-slides-api	primary_url_confirmed	Q37	current_r3_direct	M-core-domain_artifact_manifest	provenance/presentation-document-pack.md
python-pptx-slides-api	primary_url_confirmed	Q37	current_r3_direct	M-core-review_session_manifest	provenance/presentation-document-pack.md
python-pptx-slides-api	primary_url_confirmed	Q37	current_r3_direct	M-core-human_action_manifest	provenance/presentation-document-pack.md
python-pptx-slides-api	primary_url_confirmed	Q37	current_r3_direct	M-core-domain_lifecycle_trace	provenance/presentation-document-pack.md
python-pptx-slides-api	primary_url_confirmed	Q37	current_r3_direct	M-core-final_package_manifest	provenance/presentation-document-pack.md
python-pptx-slides-api	primary_url_confirmed	Q37	current_r3_direct	M-core-handoff_manifest	provenance/presentation-document-pack.md
python-pptx-slides-api	primary_url_confirmed	Q37	current_r3_direct	INV-9	provenance/presentation-document-pack.md
python-pptx-slides-api	primary_url_confirmed	Q37	current_r3_direct	INV-11	provenance/presentation-document-pack.md
python-pptx-slides-api	primary_url_confirmed	Q37	current_r3_direct	INV-12	provenance/presentation-document-pack.md
python-pptx-slides-api	primary_url_confirmed	Q37	current_r3_direct	INV-17	provenance/presentation-document-pack.md
python-docx-table-api	primary_url_confirmed	F-6	current_r3_direct	M-pack.pres-brief_manifest	provenance/presentation-document-pack.md
python-docx-table-api	primary_url_confirmed	F-6	current_r3_direct	M-pack.pres-outline_manifest	provenance/presentation-document-pack.md
python-docx-table-api	primary_url_confirmed	F-6	current_r3_direct	M-pack.pres-source_material_manifest	provenance/presentation-document-pack.md
python-docx-table-api	primary_url_confirmed	F-6	current_r3_direct	M-pack.pres-deck_doc_plan	provenance/presentation-document-pack.md
python-docx-table-api	primary_url_confirmed	F-6	current_r3_direct	M-pack.pres-deck_doc_artifact_manifest	provenance/presentation-document-pack.md
python-docx-table-api	primary_url_confirmed	F-6	current_r3_direct	M-pack.pres-review_session	provenance/presentation-document-pack.md
python-docx-table-api	primary_url_confirmed	F-6	current_r3_direct	M-pack.pres-revision_action	provenance/presentation-document-pack.md
python-docx-table-api	primary_url_confirmed	F-6	current_r3_direct	M-core-review_session_manifest	provenance/presentation-document-pack.md
python-docx-table-api	primary_url_confirmed	F-6	current_r3_direct	M-core-final_package_manifest	provenance/presentation-document-pack.md
python-docx-table-api	primary_url_confirmed	F-6	current_r3_direct	R3.4:lifecycle_alias_table	provenance/presentation-document-pack.md
python-docx-table-api	primary_url_confirmed	Q37	current_r3_direct	M-pack.pres-brief_manifest	provenance/presentation-document-pack.md
python-docx-table-api	primary_url_confirmed	Q37	current_r3_direct	M-pack.pres-outline_manifest	provenance/presentation-document-pack.md
python-docx-table-api	primary_url_confirmed	Q37	current_r3_direct	M-pack.pres-source_material_manifest	provenance/presentation-document-pack.md
python-docx-table-api	primary_url_confirmed	Q37	current_r3_direct	M-pack.pres-deck_doc_plan	provenance/presentation-document-pack.md
python-docx-table-api	primary_url_confirmed	Q37	current_r3_direct	M-pack.pres-deck_doc_artifact_manifest	provenance/presentation-document-pack.md
python-docx-table-api	primary_url_confirmed	Q37	current_r3_direct	M-pack.pres-review_session	provenance/presentation-document-pack.md
python-docx-table-api	primary_url_confirmed	Q37	current_r3_direct	M-pack.pres-revision_action	provenance/presentation-document-pack.md
python-docx-table-api	primary_url_confirmed	Q37	current_r3_direct	C5	provenance/presentation-document-pack.md
python-docx-table-api	primary_url_confirmed	Q37	current_r3_direct	M-core-intake_manifest	provenance/presentation-document-pack.md
python-docx-table-api	primary_url_confirmed	Q37	current_r3_direct	M-core-domain_plan_manifest	provenance/presentation-document-pack.md
python-docx-table-api	primary_url_confirmed	Q37	current_r3_direct	M-core-domain_artifact_manifest	provenance/presentation-document-pack.md
python-docx-table-api	primary_url_confirmed	Q37	current_r3_direct	M-core-review_session_manifest	provenance/presentation-document-pack.md
python-docx-table-api	primary_url_confirmed	Q37	current_r3_direct	M-core-human_action_manifest	provenance/presentation-document-pack.md
python-docx-table-api	primary_url_confirmed	Q37	current_r3_direct	M-core-domain_lifecycle_trace	provenance/presentation-document-pack.md
python-docx-table-api	primary_url_confirmed	Q37	current_r3_direct	M-core-final_package_manifest	provenance/presentation-document-pack.md
python-docx-table-api	primary_url_confirmed	Q37	current_r3_direct	M-core-handoff_manifest	provenance/presentation-document-pack.md
python-docx-table-api	primary_url_confirmed	Q37	current_r3_direct	INV-9	provenance/presentation-document-pack.md
python-docx-table-api	primary_url_confirmed	Q37	current_r3_direct	INV-11	provenance/presentation-document-pack.md
python-docx-table-api	primary_url_confirmed	Q37	current_r3_direct	INV-12	provenance/presentation-document-pack.md
python-docx-table-api	primary_url_confirmed	Q37	current_r3_direct	INV-17	provenance/presentation-document-pack.md
pptxgenjs-charts	primary_url_confirmed	F-6	current_r3_direct	M-pack.pres-brief_manifest	provenance/presentation-document-pack.md
pptxgenjs-charts	primary_url_confirmed	F-6	current_r3_direct	M-pack.pres-outline_manifest	provenance/presentation-document-pack.md
pptxgenjs-charts	primary_url_confirmed	F-6	current_r3_direct	M-pack.pres-source_material_manifest	provenance/presentation-document-pack.md
pptxgenjs-charts	primary_url_confirmed	F-6	current_r3_direct	M-pack.pres-deck_doc_plan	provenance/presentation-document-pack.md
pptxgenjs-charts	primary_url_confirmed	F-6	current_r3_direct	M-pack.pres-deck_doc_artifact_manifest	provenance/presentation-document-pack.md
pptxgenjs-charts	primary_url_confirmed	F-6	current_r3_direct	M-pack.pres-review_session	provenance/presentation-document-pack.md
pptxgenjs-charts	primary_url_confirmed	F-6	current_r3_direct	M-pack.pres-revision_action	provenance/presentation-document-pack.md
pptxgenjs-charts	primary_url_confirmed	F-6	current_r3_direct	M-core-review_session_manifest	provenance/presentation-document-pack.md
pptxgenjs-charts	primary_url_confirmed	F-6	current_r3_direct	M-core-final_package_manifest	provenance/presentation-document-pack.md
pptxgenjs-charts	primary_url_confirmed	F-6	current_r3_direct	R3.4:lifecycle_alias_table	provenance/presentation-document-pack.md
pptxgenjs-charts	primary_url_confirmed	Q37	current_r3_direct	M-pack.pres-brief_manifest	provenance/presentation-document-pack.md
pptxgenjs-charts	primary_url_confirmed	Q37	current_r3_direct	M-pack.pres-outline_manifest	provenance/presentation-document-pack.md
pptxgenjs-charts	primary_url_confirmed	Q37	current_r3_direct	M-pack.pres-source_material_manifest	provenance/presentation-document-pack.md
pptxgenjs-charts	primary_url_confirmed	Q37	current_r3_direct	M-pack.pres-deck_doc_plan	provenance/presentation-document-pack.md
pptxgenjs-charts	primary_url_confirmed	Q37	current_r3_direct	M-pack.pres-deck_doc_artifact_manifest	provenance/presentation-document-pack.md
pptxgenjs-charts	primary_url_confirmed	Q37	current_r3_direct	M-pack.pres-review_session	provenance/presentation-document-pack.md
pptxgenjs-charts	primary_url_confirmed	Q37	current_r3_direct	M-pack.pres-revision_action	provenance/presentation-document-pack.md
pptxgenjs-charts	primary_url_confirmed	Q37	current_r3_direct	C5	provenance/presentation-document-pack.md
pptxgenjs-charts	primary_url_confirmed	Q37	current_r3_direct	M-core-intake_manifest	provenance/presentation-document-pack.md
pptxgenjs-charts	primary_url_confirmed	Q37	current_r3_direct	M-core-domain_plan_manifest	provenance/presentation-document-pack.md
pptxgenjs-charts	primary_url_confirmed	Q37	current_r3_direct	M-core-domain_artifact_manifest	provenance/presentation-document-pack.md
pptxgenjs-charts	primary_url_confirmed	Q37	current_r3_direct	M-core-review_session_manifest	provenance/presentation-document-pack.md
pptxgenjs-charts	primary_url_confirmed	Q37	current_r3_direct	M-core-human_action_manifest	provenance/presentation-document-pack.md
pptxgenjs-charts	primary_url_confirmed	Q37	current_r3_direct	M-core-domain_lifecycle_trace	provenance/presentation-document-pack.md
pptxgenjs-charts	primary_url_confirmed	Q37	current_r3_direct	M-core-final_package_manifest	provenance/presentation-document-pack.md
pptxgenjs-charts	primary_url_confirmed	Q37	current_r3_direct	M-core-handoff_manifest	provenance/presentation-document-pack.md
pptxgenjs-charts	primary_url_confirmed	Q37	current_r3_direct	INV-9	provenance/presentation-document-pack.md
pptxgenjs-charts	primary_url_confirmed	Q37	current_r3_direct	INV-11	provenance/presentation-document-pack.md
pptxgenjs-charts	primary_url_confirmed	Q37	current_r3_direct	INV-12	provenance/presentation-document-pack.md
pptxgenjs-charts	primary_url_confirmed	Q37	current_r3_direct	INV-17	provenance/presentation-document-pack.md
pptxgenjs-masters	primary_url_confirmed	F-6	current_r3_direct	M-pack.pres-brief_manifest	provenance/presentation-document-pack.md
pptxgenjs-masters	primary_url_confirmed	F-6	current_r3_direct	M-pack.pres-outline_manifest	provenance/presentation-document-pack.md
pptxgenjs-masters	primary_url_confirmed	F-6	current_r3_direct	M-pack.pres-source_material_manifest	provenance/presentation-document-pack.md
pptxgenjs-masters	primary_url_confirmed	F-6	current_r3_direct	M-pack.pres-deck_doc_plan	provenance/presentation-document-pack.md
pptxgenjs-masters	primary_url_confirmed	F-6	current_r3_direct	M-pack.pres-deck_doc_artifact_manifest	provenance/presentation-document-pack.md
pptxgenjs-masters	primary_url_confirmed	F-6	current_r3_direct	M-pack.pres-review_session	provenance/presentation-document-pack.md
pptxgenjs-masters	primary_url_confirmed	F-6	current_r3_direct	M-pack.pres-revision_action	provenance/presentation-document-pack.md
pptxgenjs-masters	primary_url_confirmed	F-6	current_r3_direct	M-core-review_session_manifest	provenance/presentation-document-pack.md
pptxgenjs-masters	primary_url_confirmed	F-6	current_r3_direct	M-core-final_package_manifest	provenance/presentation-document-pack.md
pptxgenjs-masters	primary_url_confirmed	F-6	current_r3_direct	R3.4:lifecycle_alias_table	provenance/presentation-document-pack.md
pptxgenjs-masters	primary_url_confirmed	Q37	current_r3_direct	M-pack.pres-brief_manifest	provenance/presentation-document-pack.md
pptxgenjs-masters	primary_url_confirmed	Q37	current_r3_direct	M-pack.pres-outline_manifest	provenance/presentation-document-pack.md
pptxgenjs-masters	primary_url_confirmed	Q37	current_r3_direct	M-pack.pres-source_material_manifest	provenance/presentation-document-pack.md
pptxgenjs-masters	primary_url_confirmed	Q37	current_r3_direct	M-pack.pres-deck_doc_plan	provenance/presentation-document-pack.md
pptxgenjs-masters	primary_url_confirmed	Q37	current_r3_direct	M-pack.pres-deck_doc_artifact_manifest	provenance/presentation-document-pack.md
pptxgenjs-masters	primary_url_confirmed	Q37	current_r3_direct	M-pack.pres-review_session	provenance/presentation-document-pack.md
pptxgenjs-masters	primary_url_confirmed	Q37	current_r3_direct	M-pack.pres-revision_action	provenance/presentation-document-pack.md
pptxgenjs-masters	primary_url_confirmed	Q37	current_r3_direct	C5	provenance/presentation-document-pack.md
pptxgenjs-masters	primary_url_confirmed	Q37	current_r3_direct	M-core-intake_manifest	provenance/presentation-document-pack.md
pptxgenjs-masters	primary_url_confirmed	Q37	current_r3_direct	M-core-domain_plan_manifest	provenance/presentation-document-pack.md
pptxgenjs-masters	primary_url_confirmed	Q37	current_r3_direct	M-core-domain_artifact_manifest	provenance/presentation-document-pack.md
pptxgenjs-masters	primary_url_confirmed	Q37	current_r3_direct	M-core-review_session_manifest	provenance/presentation-document-pack.md
pptxgenjs-masters	primary_url_confirmed	Q37	current_r3_direct	M-core-human_action_manifest	provenance/presentation-document-pack.md
pptxgenjs-masters	primary_url_confirmed	Q37	current_r3_direct	M-core-domain_lifecycle_trace	provenance/presentation-document-pack.md
pptxgenjs-masters	primary_url_confirmed	Q37	current_r3_direct	M-core-final_package_manifest	provenance/presentation-document-pack.md
pptxgenjs-masters	primary_url_confirmed	Q37	current_r3_direct	M-core-handoff_manifest	provenance/presentation-document-pack.md
pptxgenjs-masters	primary_url_confirmed	Q37	current_r3_direct	INV-9	provenance/presentation-document-pack.md
pptxgenjs-masters	primary_url_confirmed	Q37	current_r3_direct	INV-11	provenance/presentation-document-pack.md
pptxgenjs-masters	primary_url_confirmed	Q37	current_r3_direct	INV-12	provenance/presentation-document-pack.md
pptxgenjs-masters	primary_url_confirmed	Q37	current_r3_direct	INV-17	provenance/presentation-document-pack.md
openxml-presentation-structure	primary_url_confirmed	F-6	current_r3_direct	M-pack.pres-brief_manifest	provenance/presentation-document-pack.md
openxml-presentation-structure	primary_url_confirmed	F-6	current_r3_direct	M-pack.pres-outline_manifest	provenance/presentation-document-pack.md
openxml-presentation-structure	primary_url_confirmed	F-6	current_r3_direct	M-pack.pres-source_material_manifest	provenance/presentation-document-pack.md
openxml-presentation-structure	primary_url_confirmed	F-6	current_r3_direct	M-pack.pres-deck_doc_plan	provenance/presentation-document-pack.md
openxml-presentation-structure	primary_url_confirmed	F-6	current_r3_direct	M-pack.pres-deck_doc_artifact_manifest	provenance/presentation-document-pack.md
openxml-presentation-structure	primary_url_confirmed	F-6	current_r3_direct	M-pack.pres-review_session	provenance/presentation-document-pack.md
openxml-presentation-structure	primary_url_confirmed	F-6	current_r3_direct	M-pack.pres-revision_action	provenance/presentation-document-pack.md
openxml-presentation-structure	primary_url_confirmed	F-6	current_r3_direct	M-core-review_session_manifest	provenance/presentation-document-pack.md
openxml-presentation-structure	primary_url_confirmed	F-6	current_r3_direct	M-core-final_package_manifest	provenance/presentation-document-pack.md
openxml-presentation-structure	primary_url_confirmed	F-6	current_r3_direct	R3.4:lifecycle_alias_table	provenance/presentation-document-pack.md
openxml-presentation-structure	primary_url_confirmed	Q37	current_r3_direct	M-pack.pres-brief_manifest	provenance/presentation-document-pack.md
openxml-presentation-structure	primary_url_confirmed	Q37	current_r3_direct	M-pack.pres-outline_manifest	provenance/presentation-document-pack.md
openxml-presentation-structure	primary_url_confirmed	Q37	current_r3_direct	M-pack.pres-source_material_manifest	provenance/presentation-document-pack.md
openxml-presentation-structure	primary_url_confirmed	Q37	current_r3_direct	M-pack.pres-deck_doc_plan	provenance/presentation-document-pack.md
openxml-presentation-structure	primary_url_confirmed	Q37	current_r3_direct	M-pack.pres-deck_doc_artifact_manifest	provenance/presentation-document-pack.md
openxml-presentation-structure	primary_url_confirmed	Q37	current_r3_direct	M-pack.pres-review_session	provenance/presentation-document-pack.md
openxml-presentation-structure	primary_url_confirmed	Q37	current_r3_direct	M-pack.pres-revision_action	provenance/presentation-document-pack.md
openxml-presentation-structure	primary_url_confirmed	Q37	current_r3_direct	C5	provenance/presentation-document-pack.md
openxml-presentation-structure	primary_url_confirmed	Q37	current_r3_direct	M-core-intake_manifest	provenance/presentation-document-pack.md
openxml-presentation-structure	primary_url_confirmed	Q37	current_r3_direct	M-core-domain_plan_manifest	provenance/presentation-document-pack.md
openxml-presentation-structure	primary_url_confirmed	Q37	current_r3_direct	M-core-domain_artifact_manifest	provenance/presentation-document-pack.md
openxml-presentation-structure	primary_url_confirmed	Q37	current_r3_direct	M-core-review_session_manifest	provenance/presentation-document-pack.md
openxml-presentation-structure	primary_url_confirmed	Q37	current_r3_direct	M-core-human_action_manifest	provenance/presentation-document-pack.md
openxml-presentation-structure	primary_url_confirmed	Q37	current_r3_direct	M-core-domain_lifecycle_trace	provenance/presentation-document-pack.md
openxml-presentation-structure	primary_url_confirmed	Q37	current_r3_direct	M-core-final_package_manifest	provenance/presentation-document-pack.md
openxml-presentation-structure	primary_url_confirmed	Q37	current_r3_direct	M-core-handoff_manifest	provenance/presentation-document-pack.md
openxml-presentation-structure	primary_url_confirmed	Q37	current_r3_direct	INV-9	provenance/presentation-document-pack.md
openxml-presentation-structure	primary_url_confirmed	Q37	current_r3_direct	INV-11	provenance/presentation-document-pack.md
openxml-presentation-structure	primary_url_confirmed	Q37	current_r3_direct	INV-12	provenance/presentation-document-pack.md
openxml-presentation-structure	primary_url_confirmed	Q37	current_r3_direct	INV-17	provenance/presentation-document-pack.md
openxml-working-with-slides	primary_url_confirmed	F-6	current_r3_direct	M-pack.pres-brief_manifest	provenance/presentation-document-pack.md
openxml-working-with-slides	primary_url_confirmed	F-6	current_r3_direct	M-pack.pres-outline_manifest	provenance/presentation-document-pack.md
openxml-working-with-slides	primary_url_confirmed	F-6	current_r3_direct	M-pack.pres-source_material_manifest	provenance/presentation-document-pack.md
openxml-working-with-slides	primary_url_confirmed	F-6	current_r3_direct	M-pack.pres-deck_doc_plan	provenance/presentation-document-pack.md
openxml-working-with-slides	primary_url_confirmed	F-6	current_r3_direct	M-pack.pres-deck_doc_artifact_manifest	provenance/presentation-document-pack.md
openxml-working-with-slides	primary_url_confirmed	F-6	current_r3_direct	M-pack.pres-review_session	provenance/presentation-document-pack.md
openxml-working-with-slides	primary_url_confirmed	F-6	current_r3_direct	M-pack.pres-revision_action	provenance/presentation-document-pack.md
openxml-working-with-slides	primary_url_confirmed	F-6	current_r3_direct	M-core-review_session_manifest	provenance/presentation-document-pack.md
openxml-working-with-slides	primary_url_confirmed	F-6	current_r3_direct	M-core-final_package_manifest	provenance/presentation-document-pack.md
openxml-working-with-slides	primary_url_confirmed	F-6	current_r3_direct	R3.4:lifecycle_alias_table	provenance/presentation-document-pack.md
openxml-working-with-slides	primary_url_confirmed	Q37	current_r3_direct	M-pack.pres-brief_manifest	provenance/presentation-document-pack.md
openxml-working-with-slides	primary_url_confirmed	Q37	current_r3_direct	M-pack.pres-outline_manifest	provenance/presentation-document-pack.md
openxml-working-with-slides	primary_url_confirmed	Q37	current_r3_direct	M-pack.pres-source_material_manifest	provenance/presentation-document-pack.md
openxml-working-with-slides	primary_url_confirmed	Q37	current_r3_direct	M-pack.pres-deck_doc_plan	provenance/presentation-document-pack.md
openxml-working-with-slides	primary_url_confirmed	Q37	current_r3_direct	M-pack.pres-deck_doc_artifact_manifest	provenance/presentation-document-pack.md
openxml-working-with-slides	primary_url_confirmed	Q37	current_r3_direct	M-pack.pres-review_session	provenance/presentation-document-pack.md
openxml-working-with-slides	primary_url_confirmed	Q37	current_r3_direct	M-pack.pres-revision_action	provenance/presentation-document-pack.md
openxml-working-with-slides	primary_url_confirmed	Q37	current_r3_direct	C5	provenance/presentation-document-pack.md
openxml-working-with-slides	primary_url_confirmed	Q37	current_r3_direct	M-core-intake_manifest	provenance/presentation-document-pack.md
openxml-working-with-slides	primary_url_confirmed	Q37	current_r3_direct	M-core-domain_plan_manifest	provenance/presentation-document-pack.md
openxml-working-with-slides	primary_url_confirmed	Q37	current_r3_direct	M-core-domain_artifact_manifest	provenance/presentation-document-pack.md
openxml-working-with-slides	primary_url_confirmed	Q37	current_r3_direct	M-core-review_session_manifest	provenance/presentation-document-pack.md
openxml-working-with-slides	primary_url_confirmed	Q37	current_r3_direct	M-core-human_action_manifest	provenance/presentation-document-pack.md
openxml-working-with-slides	primary_url_confirmed	Q37	current_r3_direct	M-core-domain_lifecycle_trace	provenance/presentation-document-pack.md
openxml-working-with-slides	primary_url_confirmed	Q37	current_r3_direct	M-core-final_package_manifest	provenance/presentation-document-pack.md
openxml-working-with-slides	primary_url_confirmed	Q37	current_r3_direct	M-core-handoff_manifest	provenance/presentation-document-pack.md
openxml-working-with-slides	primary_url_confirmed	Q37	current_r3_direct	INV-9	provenance/presentation-document-pack.md
openxml-working-with-slides	primary_url_confirmed	Q37	current_r3_direct	INV-11	provenance/presentation-document-pack.md
openxml-working-with-slides	primary_url_confirmed	Q37	current_r3_direct	INV-12	provenance/presentation-document-pack.md
openxml-working-with-slides	primary_url_confirmed	Q37	current_r3_direct	INV-17	provenance/presentation-document-pack.md
